Price,Adj Close,Close,High,Low,Open,Volume
Ticker,GC=F,GC=F,GC=F,GC=F,GC=F,GC=F
Date,,,,,,
2020-01-02 00:00:00+00:00,1524.5,1524.5,1528.699951171875,1518.0,1518.0999755859375,214
2020-01-03 00:00:00+00:00,1549.199951171875,1549.199951171875,1552.699951171875,1530.0999755859375,1530.0999755859375,107
2020-01-06 00:00:00+00:00,1566.199951171875,1566.199951171875,1580.0,1560.4000244140625,1580.0,416
2020-01-07 00:00:00+00:00,1571.800048828125,1571.800048828125,1576.300048828125,1558.300048828125,1558.300048828125,47
2020-01-08 00:00:00+00:00,1557.4000244140625,1557.4000244140625,1604.199951171875,1552.300048828125,1579.699951171875,236
2020-01-09 00:00:00+00:00,1551.699951171875,1551.699951171875,1555.699951171875,1543.300048828125,1555.699951171875,54
2020-01-10 00:00:00+00:00,1557.5,1557.5,1558.800048828125,1545.4000244140625,1551.199951171875,16
2020-01-13 00:00:00+00:00,1548.4000244140625,1548.4000244140625,1558.0,1548.4000244140625,1557.4000244140625,48
2020-01-14 00:00:00+00:00,1542.4000244140625,1542.4000244140625,1546.699951171875,1534.9000244140625,1546.699951171875,32
2020-01-15 00:00:00+00:00,1552.0999755859375,1552.0999755859375,1553.9000244140625,1545.5999755859375,1548.0,11
2020-01-16 00:00:00+00:00,1549.0,1549.0,1556.0999755859375,1548.5,1555.699951171875,98
2020-01-17 00:00:00+00:00,1558.800048828125,1558.800048828125,1558.800048828125,1553.5999755859375,1554.0999755859375,108
2020-01-21 00:00:00+00:00,1556.4000244140625,1556.4000244140625,1566.199951171875,1551.0,1559.300048828125,45
2020-01-22 00:00:00+00:00,1555.300048828125,1555.300048828125,1557.0999755859375,1549.800048828125,1549.800048828125,42
2020-01-23 00:00:00+00:00,1564.5999755859375,1564.5999755859375,1564.5999755859375,1552.199951171875,1553.0999755859375,15
2020-01-24 00:00:00+00:00,1571.0999755859375,1571.0999755859375,1571.0999755859375,1556.300048828125,1556.300048828125,43
2020-01-27 00:00:00+00:00,1576.800048828125,1576.800048828125,1584.5,1576.800048828125,1584.300048828125,22
2020-01-28 00:00:00+00:00,1569.199951171875,1569.199951171875,1576.4000244140625,1569.199951171875,1576.4000244140625,3
2020-01-29 00:00:00+00:00,1569.800048828125,1569.800048828125,1569.800048828125,1569.800048828125,1569.800048828125,251274
2020-01-30 00:00:00+00:00,1583.5,1583.5,1585.0,1571.4000244140625,1576.800048828125,62336
2020-01-31 00:00:00+00:00,1582.9000244140625,1582.9000244140625,1589.0,1570.0,1573.4000244140625,1095
2020-02-03 00:00:00+00:00,1577.199951171875,1577.199951171875,1593.300048828125,1568.199951171875,1592.9000244140625,1062
2020-02-04 00:00:00+00:00,1550.4000244140625,1550.4000244140625,1577.699951171875,1547.800048828125,1577.699951171875,978
2020-02-05 00:00:00+00:00,1557.800048828125,1557.800048828125,1560.699951171875,1547.699951171875,1553.199951171875,1305
2020-02-06 00:00:00+00:00,1565.0999755859375,1565.0999755859375,1565.5999755859375,1551.5999755859375,1553.5999755859375,110
2020-02-07 00:00:00+00:00,1568.5999755859375,1568.5999755859375,1571.9000244140625,1560.5,1564.9000244140625,431
2020-02-10 00:00:00+00:00,1574.699951171875,1574.699951171875,1574.699951171875,1568.5999755859375,1569.300048828125,128
2020-02-11 00:00:00+00:00,1565.5999755859375,1565.5999755859375,1571.0999755859375,1561.9000244140625,1570.9000244140625,440
2020-02-12 00:00:00+00:00,1567.4000244140625,1567.4000244140625,1568.699951171875,1561.0,1565.199951171875,36
2020-02-13 00:00:00+00:00,1575.0999755859375,1575.0999755859375,1575.0999755859375,1570.199951171875,1570.199951171875,74
2020-02-14 00:00:00+00:00,1582.699951171875,1582.699951171875,1582.699951171875,1574.800048828125,1575.800048828125,68
2020-02-18 00:00:00+00:00,1600.0,1600.0,1604.300048828125,1579.800048828125,1579.800048828125,310
2020-02-19 00:00:00+00:00,1607.5,1607.5,1610.5,1599.699951171875,1600.5999755859375,542
2020-02-20 00:00:00+00:00,1616.5999755859375,1616.5999755859375,1621.0,1603.0,1606.5,117
2020-02-21 00:00:00+00:00,1644.5999755859375,1644.5999755859375,1645.0,1619.300048828125,1619.300048828125,186
2020-02-24 00:00:00+00:00,1672.4000244140625,1672.4000244140625,1686.5999755859375,1650.0,1657.0,435
2020-02-25 00:00:00+00:00,1646.9000244140625,1646.9000244140625,1653.699951171875,1632.300048828125,1645.0999755859375,409
2020-02-26 00:00:00+00:00,1640.0,1640.0,1648.0999755859375,1636.4000244140625,1644.0,1990
2020-02-27 00:00:00+00:00,1640.0,1640.0,1658.0,1638.5,1641.0999755859375,707
2020-02-28 00:00:00+00:00,1564.0999755859375,1564.0999755859375,1642.5,1564.0999755859375,1640.300048828125,289
2020-03-02 00:00:00+00:00,1592.300048828125,1592.300048828125,1608.300048828125,1574.300048828125,1583.9000244140625,537
2020-03-03 00:00:00+00:00,1642.0999755859375,1642.0999755859375,1645.300048828125,1594.0,1594.5,610
2020-03-04 00:00:00+00:00,1641.0999755859375,1641.0999755859375,1645.9000244140625,1631.300048828125,1645.4000244140625,83
2020-03-05 00:00:00+00:00,1666.4000244140625,1666.4000244140625,1672.9000244140625,1637.199951171875,1637.300048828125,154
2020-03-06 00:00:00+00:00,1670.800048828125,1670.800048828125,1686.199951171875,1647.199951171875,1670.800048828125,175
2020-03-09 00:00:00+00:00,1674.5,1674.5,1701.5999755859375,1657.699951171875,1696.0999755859375,161
2020-03-10 00:00:00+00:00,1659.0999755859375,1659.0999755859375,1674.5999755859375,1643.0,1671.5999755859375,48
2020-03-11 00:00:00+00:00,1641.4000244140625,1641.4000244140625,1666.5,1635.0,1656.5999755859375,47
2020-03-12 00:00:00+00:00,1589.300048828125,1589.300048828125,1647.5,1566.4000244140625,1637.0,256
2020-03-13 00:00:00+00:00,1515.699951171875,1515.699951171875,1589.800048828125,1513.800048828125,1574.9000244140625,89
2020-03-16 00:00:00+00:00,1485.9000244140625,1485.9000244140625,1569.0999755859375,1452.0999755859375,1569.0999755859375,193
2020-03-17 00:00:00+00:00,1524.9000244140625,1524.9000244140625,1537.699951171875,1469.300048828125,1469.300048828125,122
2020-03-18 00:00:00+00:00,1477.300048828125,1477.300048828125,1542.0,1477.300048828125,1537.5,333
2020-03-19 00:00:00+00:00,1478.5999755859375,1478.5999755859375,1491.5999755859375,1471.0,1481.5,262
2020-03-20 00:00:00+00:00,1484.0,1484.0,1484.0,1483.5,1483.5,14
2020-03-23 00:00:00+00:00,1567.0,1567.0,1567.0,1490.199951171875,1505.300048828125,51
2020-03-24 00:00:00+00:00,1660.199951171875,1660.199951171875,1685.5,1592.699951171875,1592.699951171875,442
2020-03-25 00:00:00+00:00,1632.300048828125,1632.300048828125,1676.5,1631.0999755859375,1676.5,476
2020-03-26 00:00:00+00:00,1650.0999755859375,1650.0999755859375,1660.5,1650.0999755859375,1660.5,3
2020-03-27 00:00:00+00:00,1623.9000244140625,1623.9000244140625,1623.9000244140625,1623.9000244140625,1623.9000244140625,100638
2020-03-30 00:00:00+00:00,1622.0,1622.0,1652.800048828125,1607.199951171875,1641.199951171875,16389
2020-03-31 00:00:00+00:00,1583.4000244140625,1583.4000244140625,1621.0,1576.0,1618.699951171875,2874
2020-04-01 00:00:00+00:00,1578.199951171875,1578.199951171875,1600.0,1570.0,1570.0,2158
2020-04-02 00:00:00+00:00,1625.699951171875,1625.699951171875,1631.199951171875,1586.0,1590.9000244140625,1294
2020-04-03 00:00:00+00:00,1633.699951171875,1633.699951171875,1636.0,1619.800048828125,1624.5,643
2020-04-06 00:00:00+00:00,1677.0,1677.0,1696.699951171875,1625.9000244140625,1629.0999755859375,1063
2020-04-07 00:00:00+00:00,1664.800048828125,1664.800048828125,1724.4000244140625,1658.0,1695.699951171875,1144
2020-04-08 00:00:00+00:00,1665.4000244140625,1665.4000244140625,1677.0,1662.5,1669.699951171875,747
2020-04-09 00:00:00+00:00,1736.199951171875,1736.199951171875,1736.199951171875,1662.699951171875,1662.699951171875,825
2020-04-13 00:00:00+00:00,1744.800048828125,1744.800048828125,1756.800048828125,1710.699951171875,1722.0,696
2020-04-14 00:00:00+00:00,1756.699951171875,1756.699951171875,1775.0,1739.5,1756.800048828125,675
2020-04-15 00:00:00+00:00,1727.199951171875,1727.199951171875,1744.9000244140625,1722.699951171875,1739.4000244140625,642
2020-04-16 00:00:00+00:00,1720.4000244140625,1720.4000244140625,1750.5999755859375,1715.0,1731.0,162
2020-04-17 00:00:00+00:00,1689.199951171875,1689.199951171875,1725.0,1684.9000244140625,1715.699951171875,223
2020-04-20 00:00:00+00:00,1701.5999755859375,1701.5999755859375,1701.5999755859375,1680.0,1686.0,106
2020-04-21 00:00:00+00:00,1678.199951171875,1678.199951171875,1707.0999755859375,1659.9000244140625,1697.0,666
2020-04-22 00:00:00+00:00,1728.699951171875,1728.699951171875,1728.699951171875,1684.800048828125,1696.0,453
2020-04-23 00:00:00+00:00,1733.300048828125,1733.300048828125,1745.0999755859375,1733.300048828125,1734.0,482
2020-04-24 00:00:00+00:00,1723.5,1723.5,1744.0,1714.5,1744.0,221
2020-04-27 00:00:00+00:00,1711.9000244140625,1711.9000244140625,1731.9000244140625,1711.9000244140625,1731.9000244140625,169
2020-04-28 00:00:00+00:00,1710.5,1710.5,1716.5999755859375,1707.0999755859375,1716.5999755859375,1255
2020-04-29 00:00:00+00:00,1703.4000244140625,1703.4000244140625,1713.5,1702.0,1710.0,373
2020-04-30 00:00:00+00:00,1684.199951171875,1684.199951171875,1719.300048828125,1680.800048828125,1719.300048828125,327
2020-05-01 00:00:00+00:00,1694.5,1694.5,1701.5,1670.5,1686.5999755859375,337
2020-05-04 00:00:00+00:00,1706.9000244140625,1706.9000244140625,1709.0,1699.5999755859375,1702.5999755859375,320
2020-05-05 00:00:00+00:00,1704.4000244140625,1704.4000244140625,1704.4000244140625,1697.199951171875,1701.5,82
2020-05-06 00:00:00+00:00,1684.199951171875,1684.199951171875,1704.0,1684.199951171875,1704.0,469
2020-05-07 00:00:00+00:00,1721.800048828125,1721.800048828125,1721.800048828125,1685.5999755859375,1686.199951171875,853
2020-05-08 00:00:00+00:00,1709.9000244140625,1709.9000244140625,1728.9000244140625,1703.800048828125,1726.199951171875,330
2020-05-11 00:00:00+00:00,1695.300048828125,1695.300048828125,1704.5,1690.199951171875,1702.300048828125,749
2020-05-12 00:00:00+00:00,1704.4000244140625,1704.4000244140625,1713.0999755859375,1699.300048828125,1699.300048828125,324
2020-05-13 00:00:00+00:00,1713.9000244140625,1713.9000244140625,1721.300048828125,1701.9000244140625,1702.0,431
2020-05-14 00:00:00+00:00,1738.0999755859375,1738.0999755859375,1743.0999755859375,1720.5,1724.300048828125,672
2020-05-15 00:00:00+00:00,1753.4000244140625,1753.4000244140625,1753.4000244140625,1739.699951171875,1739.699951171875,719
2020-05-18 00:00:00+00:00,1731.800048828125,1731.800048828125,1770.5,1731.800048828125,1755.699951171875,229
2020-05-19 00:00:00+00:00,1744.199951171875,1744.199951171875,1749.5,1744.199951171875,1744.199951171875,167
2020-05-20 00:00:00+00:00,1750.5999755859375,1750.5999755859375,1752.0999755859375,1745.5999755859375,1751.5999755859375,16
2020-05-21 00:00:00+00:00,1720.5,1720.5,1746.800048828125,1720.5,1746.800048828125,528
2020-05-22 00:00:00+00:00,1734.5999755859375,1734.5999755859375,1734.5999755859375,1726.5999755859375,1726.5999755859375,6
2020-05-26 00:00:00+00:00,1704.800048828125,1704.800048828125,1726.4000244140625,1704.800048828125,1726.4000244140625,39
2020-05-27 00:00:00+00:00,1710.300048828125,1710.300048828125,1710.300048828125,1685.5999755859375,1685.5999755859375,137416
2020-05-28 00:00:00+00:00,1713.300048828125,1713.300048828125,1727.800048828125,1705.0,1709.300048828125,23355
2020-05-29 00:00:00+00:00,1736.9000244140625,1736.9000244140625,1738.300048828125,1715.0999755859375,1718.800048828125,1526
2020-06-01 00:00:00+00:00,1737.800048828125,1737.800048828125,1747.0,1727.0999755859375,1740.4000244140625,871
2020-06-02 00:00:00+00:00,1725.199951171875,1725.199951171875,1745.5,1721.800048828125,1743.0,741
2020-06-03 00:00:00+00:00,1697.800048828125,1697.800048828125,1726.300048828125,1684.5,1726.300048828125,2755
2020-06-04 00:00:00+00:00,1718.9000244140625,1718.9000244140625,1718.9000244140625,1694.5,1694.5,807
2020-06-05 00:00:00+00:00,1676.199951171875,1676.199951171875,1711.800048828125,1668.5999755859375,1711.800048828125,1502
2020-06-08 00:00:00+00:00,1698.300048828125,1698.300048828125,1699.4000244140625,1675.9000244140625,1679.0999755859375,587
2020-06-09 00:00:00+00:00,1714.699951171875,1714.699951171875,1720.9000244140625,1692.0,1694.5999755859375,690
2020-06-10 00:00:00+00:00,1713.300048828125,1713.300048828125,1740.800048828125,1711.9000244140625,1716.0999755859375,718
2020-06-11 00:00:00+00:00,1732.0,1732.0,1744.0999755859375,1720.0,1737.199951171875,347
2020-06-12 00:00:00+00:00,1729.300048828125,1729.300048828125,1743.0,1724.9000244140625,1724.9000244140625,318
2020-06-15 00:00:00+00:00,1720.300048828125,1720.300048828125,1730.0,1703.300048828125,1730.0,188
2020-06-16 00:00:00+00:00,1729.5999755859375,1729.5999755859375,1729.5999755859375,1722.4000244140625,1726.300048828125,22
2020-06-17 00:00:00+00:00,1729.199951171875,1729.199951171875,1729.199951171875,1714.699951171875,1714.699951171875,51
2020-06-18 00:00:00+00:00,1724.800048828125,1724.800048828125,1734.0999755859375,1717.300048828125,1730.5,110
2020-06-19 00:00:00+00:00,1745.9000244140625,1745.9000244140625,1750.699951171875,1723.5,1723.699951171875,1329
2020-06-22 00:00:00+00:00,1756.699951171875,1756.699951171875,1767.5999755859375,1750.5,1755.199951171875,1356
2020-06-23 00:00:00+00:00,1772.0999755859375,1772.0999755859375,1776.300048828125,1754.199951171875,1755.4000244140625,666
2020-06-24 00:00:00+00:00,1765.800048828125,1765.800048828125,1783.0999755859375,1764.5,1778.300048828125,961
2020-06-25 00:00:00+00:00,1762.0999755859375,1762.0999755859375,1764.800048828125,1759.800048828125,1761.699951171875,207
2020-06-26 00:00:00+00:00,1772.5,1772.5,1772.5,1764.699951171875,1766.0,640
2020-06-29 00:00:00+00:00,1774.800048828125,1774.800048828125,1780.199951171875,1774.300048828125,1779.800048828125,584
2020-06-30 00:00:00+00:00,1793.0,1793.0,1793.199951171875,1774.4000244140625,1777.300048828125,986
2020-07-01 00:00:00+00:00,1773.199951171875,1773.199951171875,1798.0,1765.800048828125,1793.5999755859375,331
2020-07-02 00:00:00+00:00,1784.0,1784.0,1784.0,1768.699951171875,1773.4000244140625,215
2020-07-06 00:00:00+00:00,1788.5,1788.5,1790.0999755859375,1788.199951171875,1788.199951171875,172
2020-07-07 00:00:00+00:00,1804.199951171875,1804.199951171875,1804.199951171875,1783.300048828125,1789.300048828125,751
2020-07-08 00:00:00+00:00,1815.5,1815.5,1817.9000244140625,1801.5,1801.5,209
2020-07-09 00:00:00+00:00,1799.199951171875,1799.199951171875,1819.800048828125,1799.199951171875,1816.0999755859375,396
2020-07-10 00:00:00+00:00,1798.199951171875,1798.199951171875,1805.5,1797.699951171875,1805.5,236
2020-07-13 00:00:00+00:00,1811.0,1811.0,1811.0,1805.0,1805.0,164
2020-07-14 00:00:00+00:00,1810.5999755859375,1810.5999755859375,1811.5,1791.0,1791.0,339
2020-07-15 00:00:00+00:00,1811.4000244140625,1811.4000244140625,1813.5,1806.0999755859375,1806.0999755859375,167
2020-07-16 00:00:00+00:00,1798.699951171875,1798.699951171875,1810.9000244140625,1794.300048828125,1810.9000244140625,146
2020-07-17 00:00:00+00:00,1808.300048828125,1808.300048828125,1810.0999755859375,1798.5,1798.5,24
2020-07-20 00:00:00+00:00,1815.9000244140625,1815.9000244140625,1817.300048828125,1807.0,1807.0,89
2020-07-21 00:00:00+00:00,1842.4000244140625,1842.4000244140625,1842.4000244140625,1822.0,1822.0,117
2020-07-22 00:00:00+00:00,1864.0999755859375,1864.0999755859375,1867.0,1854.699951171875,1858.0999755859375,213
2020-07-23 00:00:00+00:00,1889.0999755859375,1889.0999755859375,1890.300048828125,1868.5,1868.699951171875,133
2020-07-24 00:00:00+00:00,1897.300048828125,1897.300048828125,1897.300048828125,1884.300048828125,1884.300048828125,474
2020-07-27 00:00:00+00:00,1931.0,1931.0,1938.0,1901.5,1901.699951171875,364
2020-07-28 00:00:00+00:00,1944.699951171875,1944.699951171875,1944.699951171875,1928.5999755859375,1931.5,825
2020-07-29 00:00:00+00:00,1953.5,1953.5,1953.5,1952.5999755859375,1953.199951171875,209835
2020-07-30 00:00:00+00:00,1942.300048828125,1942.300048828125,1965.0999755859375,1930.0,1963.4000244140625,28853
2020-07-31 00:00:00+00:00,1962.800048828125,1962.800048828125,1981.0999755859375,1948.0,1948.5999755859375,2914
2020-08-03 00:00:00+00:00,1966.0,1966.0,1984.300048828125,1955.5,1984.300048828125,683
2020-08-04 00:00:00+00:00,2001.199951171875,2001.199951171875,2016.199951171875,1968.800048828125,1971.0,2010
2020-08-05 00:00:00+00:00,2031.0999755859375,2031.0999755859375,2050.199951171875,2011.0,2024.0,1422
2020-08-06 00:00:00+00:00,2051.5,2051.5,2063.0,2040.0,2045.5,294
2020-08-07 00:00:00+00:00,2010.0999755859375,2010.0999755859375,2055.0,2009.5999755859375,2040.0999755859375,808
2020-08-10 00:00:00+00:00,2024.4000244140625,2024.4000244140625,2043.800048828125,2017.5,2026.4000244140625,233
2020-08-11 00:00:00+00:00,1932.5999755859375,1932.5999755859375,2016.0,1904.0,2012.4000244140625,971
2020-08-12 00:00:00+00:00,1934.9000244140625,1934.9000244140625,1946.5999755859375,1871.5999755859375,1923.0,404
2020-08-13 00:00:00+00:00,1956.699951171875,1956.699951171875,1957.4000244140625,1916.9000244140625,1921.5,71
2020-08-14 00:00:00+00:00,1937.0,1937.0,1947.4000244140625,1937.0,1938.699951171875,201
2020-08-17 00:00:00+00:00,1985.0,1985.0,1985.0,1949.5999755859375,1949.5999755859375,97
2020-08-18 00:00:00+00:00,1999.4000244140625,1999.4000244140625,2002.800048828125,1972.0999755859375,2001.0999755859375,92
2020-08-19 00:00:00+00:00,1958.699951171875,1958.699951171875,1980.0,1938.699951171875,1980.0,347
2020-08-20 00:00:00+00:00,1933.800048828125,1933.800048828125,1948.300048828125,1922.300048828125,1941.199951171875,106
2020-08-21 00:00:00+00:00,1934.5999755859375,1934.5999755859375,1945.0,1908.9000244140625,1941.0,184
2020-08-24 00:00:00+00:00,1927.699951171875,1927.699951171875,1940.0,1922.199951171875,1930.199951171875,85
2020-08-25 00:00:00+00:00,1911.800048828125,1911.800048828125,1928.5,1911.800048828125,1927.5,176
2020-08-26 00:00:00+00:00,1940.699951171875,1940.699951171875,1950.800048828125,1909.699951171875,1909.699951171875,287
2020-08-27 00:00:00+00:00,1921.5999755859375,1921.5999755859375,1972.5,1921.5999755859375,1948.9000244140625,2303
2020-08-28 00:00:00+00:00,1964.5999755859375,1964.5999755859375,1971.300048828125,1922.5,1927.0999755859375,778
2020-08-31 00:00:00+00:00,1967.5999755859375,1967.5999755859375,1971.300048828125,1953.300048828125,1970.0,158
2020-09-01 00:00:00+00:00,1968.199951171875,1968.199951171875,1986.300048828125,1961.699951171875,1961.699951171875,186
2020-09-02 00:00:00+00:00,1934.4000244140625,1934.4000244140625,1967.300048828125,1934.4000244140625,1967.300048828125,71
2020-09-03 00:00:00+00:00,1927.5999755859375,1927.5999755859375,1938.800048828125,1923.0,1937.0999755859375,179
2020-09-04 00:00:00+00:00,1923.9000244140625,1923.9000244140625,1939.699951171875,1917.699951171875,1927.9000244140625,607
2020-09-08 00:00:00+00:00,1933.0,1933.0,1937.9000244140625,1903.0999755859375,1930.9000244140625,271
2020-09-09 00:00:00+00:00,1944.699951171875,1944.699951171875,1946.199951171875,1924.5999755859375,1926.9000244140625,219
2020-09-10 00:00:00+00:00,1954.199951171875,1954.199951171875,1962.699951171875,1944.0999755859375,1944.0999755859375,722
2020-09-11 00:00:00+00:00,1937.800048828125,1937.800048828125,1949.5,1937.800048828125,1944.0,73
2020-09-14 00:00:00+00:00,1953.0999755859375,1953.0999755859375,1953.0999755859375,1943.0,1946.300048828125,55
2020-09-15 00:00:00+00:00,1956.300048828125,1956.300048828125,1968.5,1955.800048828125,1955.800048828125,74
2020-09-16 00:00:00+00:00,1960.199951171875,1960.199951171875,1961.4000244140625,1956.699951171875,1961.300048828125,124
2020-09-17 00:00:00+00:00,1940.0,1940.0,1946.0,1933.699951171875,1939.0,67
2020-09-18 00:00:00+00:00,1952.0999755859375,1952.0999755859375,1952.0999755859375,1949.0,1950.5,38
2020-09-21 00:00:00+00:00,1901.199951171875,1901.199951171875,1946.199951171875,1883.4000244140625,1946.199951171875,52
2020-09-22 00:00:00+00:00,1898.5999755859375,1898.5999755859375,1913.0999755859375,1898.5999755859375,1913.0999755859375,331
2020-09-23 00:00:00+00:00,1859.9000244140625,1859.9000244140625,1875.5,1859.9000244140625,1875.5,5
2020-09-24 00:00:00+00:00,1868.300048828125,1868.300048828125,1868.300048828125,1851.5,1851.5,365
2020-09-25 00:00:00+00:00,1857.699951171875,1857.699951171875,1857.699951171875,1856.300048828125,1856.300048828125,4
2020-09-28 00:00:00+00:00,1872.800048828125,1872.800048828125,1872.800048828125,1872.800048828125,1872.800048828125,10455
2020-09-29 00:00:00+00:00,1894.300048828125,1894.300048828125,1895.4000244140625,1872.4000244140625,1876.5,3283
2020-09-30 00:00:00+00:00,1887.5,1887.5,1899.699951171875,1879.800048828125,1893.0,600
2020-10-01 00:00:00+00:00,1908.4000244140625,1908.4000244140625,1909.5999755859375,1882.5,1884.0999755859375,730
2020-10-02 00:00:00+00:00,1900.199951171875,1900.199951171875,1913.0,1893.9000244140625,1893.9000244140625,530
2020-10-05 00:00:00+00:00,1912.5,1912.5,1915.5999755859375,1884.699951171875,1898.9000244140625,1360
2020-10-06 00:00:00+00:00,1901.0999755859375,1901.0999755859375,1918.0,1874.4000244140625,1906.5999755859375,968
2020-10-07 00:00:00+00:00,1883.5999755859375,1883.5999755859375,1889.800048828125,1873.0999755859375,1874.0999755859375,50
2020-10-08 00:00:00+00:00,1888.5999755859375,1888.5999755859375,1893.0,1882.699951171875,1893.0,348
2020-10-09 00:00:00+00:00,1919.5,1919.5,1929.0999755859375,1905.0999755859375,1909.300048828125,580
2020-10-12 00:00:00+00:00,1922.5,1922.5,1926.5,1921.5999755859375,1924.0,96
2020-10-13 00:00:00+00:00,1888.5,1888.5,1922.199951171875,1887.0,1921.9000244140625,191
2020-10-14 00:00:00+00:00,1901.300048828125,1901.300048828125,1910.800048828125,1882.5,1889.699951171875,33
2020-10-15 00:00:00+00:00,1903.199951171875,1903.199951171875,1906.300048828125,1889.5999755859375,1897.300048828125,254
2020-10-16 00:00:00+00:00,1900.800048828125,1900.800048828125,1900.800048828125,1898.5,1898.5,53
2020-10-19 00:00:00+00:00,1906.4000244140625,1906.4000244140625,1907.800048828125,1899.5,1907.300048828125,43
2020-10-20 00:00:00+00:00,1910.4000244140625,1910.4000244140625,1910.4000244140625,1896.0999755859375,1901.300048828125,329
2020-10-21 00:00:00+00:00,1924.5999755859375,1924.5999755859375,1927.300048828125,1913.5999755859375,1913.5999755859375,1202
2020-10-22 00:00:00+00:00,1901.0999755859375,1901.0999755859375,1924.300048828125,1898.199951171875,1924.300048828125,899
2020-10-23 00:00:00+00:00,1902.0,1902.0,1913.300048828125,1896.199951171875,1899.9000244140625,287
2020-10-26 00:00:00+00:00,1902.699951171875,1902.699951171875,1907.0,1893.5,1895.5,242
2020-10-27 00:00:00+00:00,1908.800048828125,1908.800048828125,1908.800048828125,1904.4000244140625,1904.5999755859375,176
2020-10-28 00:00:00+00:00,1876.199951171875,1876.199951171875,1876.199951171875,1870.9000244140625,1870.9000244140625,277
2020-10-29 00:00:00+00:00,1865.5999755859375,1865.5999755859375,1879.800048828125,1858.800048828125,1876.0999755859375,240
2020-10-30 00:00:00+00:00,1877.4000244140625,1877.4000244140625,1886.5999755859375,1862.800048828125,1862.800048828125,725
2020-11-02 00:00:00+00:00,1890.4000244140625,1890.4000244140625,1894.699951171875,1872.9000244140625,1872.9000244140625,190
2020-11-03 00:00:00+00:00,1908.5,1908.5,1908.5,1891.5,1891.5,712
2020-11-04 00:00:00+00:00,1894.5999755859375,1894.5999755859375,1907.0,1885.300048828125,1893.800048828125,782
2020-11-05 00:00:00+00:00,1945.300048828125,1945.300048828125,1948.0,1901.699951171875,1901.699951171875,135
2020-11-06 00:00:00+00:00,1950.300048828125,1950.300048828125,1958.800048828125,1940.800048828125,1940.800048828125,304
2020-11-09 00:00:00+00:00,1853.199951171875,1853.199951171875,1963.199951171875,1847.0999755859375,1955.5999755859375,745
2020-11-10 00:00:00+00:00,1875.4000244140625,1875.4000244140625,1885.300048828125,1871.199951171875,1879.300048828125,276
2020-11-11 00:00:00+00:00,1860.699951171875,1860.699951171875,1878.800048828125,1855.5,1878.800048828125,222
2020-11-12 00:00:00+00:00,1872.5999755859375,1872.5999755859375,1878.5,1866.5999755859375,1869.0,220
2020-11-13 00:00:00+00:00,1885.699951171875,1885.699951171875,1890.0999755859375,1876.800048828125,1877.0,240
2020-11-16 00:00:00+00:00,1887.300048828125,1887.300048828125,1887.300048828125,1871.0,1874.5999755859375,6
2020-11-17 00:00:00+00:00,1884.5,1884.5,1888.4000244140625,1884.5,1888.4000244140625,59
2020-11-18 00:00:00+00:00,1873.5,1873.5,1873.5,1873.5,1873.5,152
2020-11-19 00:00:00+00:00,1861.0999755859375,1861.0999755859375,1865.800048828125,1856.0,1865.800048828125,59
2020-11-20 00:00:00+00:00,1872.5999755859375,1872.5999755859375,1872.5999755859375,1871.199951171875,1871.199951171875,1900
2020-11-23 00:00:00+00:00,1837.800048828125,1837.800048828125,1837.800048828125,1829.199951171875,1834.800048828125,843
2020-11-24 00:00:00+00:00,1804.800048828125,1804.800048828125,1829.300048828125,1799.300048828125,1829.300048828125,1041
2020-11-25 00:00:00+00:00,1805.699951171875,1805.699951171875,1805.699951171875,1801.4000244140625,1801.4000244140625,205754
2020-11-27 00:00:00+00:00,1781.9000244140625,1781.9000244140625,1817.0,1770.699951171875,1806.0999755859375,71804
2020-11-30 00:00:00+00:00,1775.699951171875,1775.699951171875,1787.199951171875,1762.300048828125,1785.0,3145
2020-12-01 00:00:00+00:00,1814.0999755859375,1814.0999755859375,1815.9000244140625,1774.9000244140625,1775.0,1859
2020-12-02 00:00:00+00:00,1825.699951171875,1825.699951171875,1830.0,1807.800048828125,1811.300048828125,771
2020-12-03 00:00:00+00:00,1836.800048828125,1836.800048828125,1842.0,1825.300048828125,1829.199951171875,1765
2020-12-04 00:00:00+00:00,1835.9000244140625,1835.9000244140625,1847.5999755859375,1828.199951171875,1840.699951171875,1213
2020-12-07 00:00:00+00:00,1861.800048828125,1861.800048828125,1866.9000244140625,1820.800048828125,1836.5,1427
2020-12-08 00:00:00+00:00,1870.800048828125,1870.800048828125,1875.800048828125,1861.800048828125,1863.0,121
2020-12-09 00:00:00+00:00,1834.5999755859375,1834.5999755859375,1867.0999755859375,1827.0,1867.0999755859375,215
2020-12-10 00:00:00+00:00,1833.5999755859375,1833.5999755859375,1849.0999755859375,1828.0,1833.199951171875,177
2020-12-11 00:00:00+00:00,1839.800048828125,1839.800048828125,1846.0,1829.0999755859375,1838.5,109
2020-12-14 00:00:00+00:00,1828.699951171875,1828.699951171875,1835.699951171875,1822.699951171875,1835.5,258
2020-12-15 00:00:00+00:00,1852.300048828125,1852.300048828125,1853.5999755859375,1833.199951171875,1833.5,961
2020-12-16 00:00:00+00:00,1856.0999755859375,1856.0999755859375,1864.699951171875,1850.5,1856.5,1090
2020-12-17 00:00:00+00:00,1887.199951171875,1887.199951171875,1896.199951171875,1874.199951171875,1874.199951171875,414
2020-12-18 00:00:00+00:00,1885.699951171875,1885.699951171875,1889.5,1882.300048828125,1882.4000244140625,276
2020-12-21 00:00:00+00:00,1879.199951171875,1879.199951171875,1908.0,1869.0999755859375,1884.800048828125,136
2020-12-22 00:00:00+00:00,1866.5999755859375,1866.5999755859375,1882.199951171875,1861.0,1882.199951171875,233
2020-12-23 00:00:00+00:00,1874.699951171875,1874.699951171875,1878.800048828125,1864.5,1867.0,82
2020-12-24 00:00:00+00:00,1879.9000244140625,1879.9000244140625,1879.9000244140625,1875.699951171875,1877.300048828125,46
2020-12-28 00:00:00+00:00,1877.199951171875,1877.199951171875,1895.800048828125,1873.699951171875,1895.5,75
2020-12-29 00:00:00+00:00,1879.699951171875,1879.699951171875,1881.300048828125,1879.699951171875,1881.300048828125,343
2020-12-30 00:00:00+00:00,1891.0,1891.0,1895.800048828125,1877.300048828125,1879.9000244140625,444
2020-12-31 00:00:00+00:00,1893.0999755859375,1893.0999755859375,1901.300048828125,1892.699951171875,1897.0,127
2021-01-04 00:00:00+00:00,1944.699951171875,1944.699951171875,1945.0999755859375,1912.199951171875,1912.199951171875,154
2021-01-05 00:00:00+00:00,1952.699951171875,1952.699951171875,1952.699951171875,1941.300048828125,1941.699951171875,113
2021-01-06 00:00:00+00:00,1906.9000244140625,1906.9000244140625,1959.9000244140625,1901.5,1952.0,331
2021-01-07 00:00:00+00:00,1912.300048828125,1912.300048828125,1926.699951171875,1912.0,1922.5999755859375,122
2021-01-08 00:00:00+00:00,1834.0999755859375,1834.0999755859375,1908.0,1834.0999755859375,1908.0,60
2021-01-11 00:00:00+00:00,1849.5999755859375,1849.5999755859375,1849.5999755859375,1826.5,1826.5,20
2021-01-12 00:00:00+00:00,1842.9000244140625,1842.9000244140625,1859.699951171875,1839.4000244140625,1849.0,176
2021-01-13 00:00:00+00:00,1853.5999755859375,1853.5999755859375,1858.5999755859375,1853.5999755859375,1858.0,189
2021-01-14 00:00:00+00:00,1850.300048828125,1850.300048828125,1850.699951171875,1836.699951171875,1836.699951171875,149
2021-01-15 00:00:00+00:00,1829.300048828125,1829.300048828125,1829.4000244140625,1825.0,1829.4000244140625,31
2021-01-19 00:00:00+00:00,1839.5,1839.5,1842.9000244140625,1802.0,1802.0,13
2021-01-20 00:00:00+00:00,1865.9000244140625,1865.9000244140625,1866.5999755859375,1844.4000244140625,1847.800048828125,16
2021-01-21 00:00:00+00:00,1865.300048828125,1865.300048828125,1868.0,1865.300048828125,1865.300048828125,6
2021-01-22 00:00:00+00:00,1855.699951171875,1855.699951171875,1855.699951171875,1852.699951171875,1854.9000244140625,8
2021-01-25 00:00:00+00:00,1854.9000244140625,1854.9000244140625,1864.699951171875,1851.800048828125,1864.699951171875,26
2021-01-26 00:00:00+00:00,1850.699951171875,1850.699951171875,1855.800048828125,1850.699951171875,1855.800048828125,59
2021-01-27 00:00:00+00:00,1844.9000244140625,1844.9000244140625,1844.9000244140625,1844.9000244140625,1844.9000244140625,195540
2021-01-28 00:00:00+00:00,1837.9000244140625,1837.9000244140625,1862.9000244140625,1831.5,1843.4000244140625,27283
2021-01-29 00:00:00+00:00,1847.300048828125,1847.300048828125,1876.0,1838.699951171875,1842.0,1634
2021-02-01 00:00:00+00:00,1860.800048828125,1860.800048828125,1871.9000244140625,1850.0,1866.5999755859375,1494
2021-02-02 00:00:00+00:00,1830.5,1830.5,1861.300048828125,1827.5999755859375,1859.5999755859375,1293
2021-02-03 00:00:00+00:00,1832.199951171875,1832.199951171875,1842.4000244140625,1829.800048828125,1834.800048828125,1195
2021-02-04 00:00:00+00:00,1788.9000244140625,1788.9000244140625,1832.199951171875,1782.800048828125,1832.199951171875,2375
2021-02-05 00:00:00+00:00,1810.9000244140625,1810.9000244140625,1813.5,1790.9000244140625,1794.300048828125,1278
2021-02-08 00:00:00+00:00,1831.9000244140625,1831.9000244140625,1836.699951171875,1809.0,1816.300048828125,254
2021-02-09 00:00:00+00:00,1835.300048828125,1835.300048828125,1843.300048828125,1830.699951171875,1841.9000244140625,184
2021-02-10 00:00:00+00:00,1840.5999755859375,1840.5999755859375,1851.0999755859375,1837.0,1842.5999755859375,543
2021-02-11 00:00:00+00:00,1824.9000244140625,1824.9000244140625,1845.0,1820.9000244140625,1840.5,602
2021-02-12 00:00:00+00:00,1821.5999755859375,1821.5999755859375,1827.5,1809.199951171875,1825.0,259
2021-02-16 00:00:00+00:00,1797.199951171875,1797.199951171875,1823.4000244140625,1787.300048828125,1820.9000244140625,1141
2021-02-17 00:00:00+00:00,1771.0999755859375,1771.0999755859375,1789.699951171875,1768.800048828125,1785.800048828125,614
2021-02-18 00:00:00+00:00,1773.4000244140625,1773.4000244140625,1784.5999755859375,1766.0,1776.0999755859375,587
2021-02-19 00:00:00+00:00,1775.800048828125,1775.800048828125,1787.5999755859375,1764.300048828125,1764.300048828125,118
2021-02-22 00:00:00+00:00,1806.699951171875,1806.699951171875,1807.800048828125,1784.0,1784.0,165
2021-02-23 00:00:00+00:00,1804.4000244140625,1804.4000244140625,1811.300048828125,1796.4000244140625,1809.5999755859375,569
2021-02-24 00:00:00+00:00,1796.4000244140625,1796.4000244140625,1805.800048828125,1796.4000244140625,1805.800048828125,1500
2021-02-25 00:00:00+00:00,1774.4000244140625,1774.4000244140625,1802.0,1766.699951171875,1801.5,1049
2021-02-26 00:00:00+00:00,1728.0999755859375,1728.0999755859375,1768.199951171875,1718.800048828125,1768.0999755859375,1593
2021-03-01 00:00:00+00:00,1722.5,1722.5,1747.0,1720.300048828125,1737.0999755859375,407
2021-03-02 00:00:00+00:00,1733.0999755859375,1733.0999755859375,1733.0999755859375,1708.699951171875,1709.4000244140625,867
2021-03-03 00:00:00+00:00,1715.300048828125,1715.300048828125,1732.4000244140625,1703.5,1730.0,501
2021-03-04 00:00:00+00:00,1700.199951171875,1700.199951171875,1717.4000244140625,1700.199951171875,1706.5,521
2021-03-05 00:00:00+00:00,1698.0,1698.0,1701.0,1685.0,1690.5999755859375,302
2021-03-08 00:00:00+00:00,1677.699951171875,1677.699951171875,1705.4000244140625,1673.699951171875,1704.699951171875,1290
2021-03-09 00:00:00+00:00,1716.5999755859375,1716.5999755859375,1717.5,1685.199951171875,1686.199951171875,335
2021-03-10 00:00:00+00:00,1721.5,1721.5,1722.9000244140625,1711.0,1713.5999755859375,412
2021-03-11 00:00:00+00:00,1722.300048828125,1722.300048828125,1737.5,1720.199951171875,1725.5999755859375,18
2021-03-12 00:00:00+00:00,1719.5,1719.5,1722.5,1699.0,1715.9000244140625,80
2021-03-15 00:00:00+00:00,1728.9000244140625,1728.9000244140625,1731.9000244140625,1722.800048828125,1729.5,147
2021-03-16 00:00:00+00:00,1730.5999755859375,1730.5999755859375,1733.9000244140625,1726.0,1732.300048828125,729
2021-03-17 00:00:00+00:00,1726.800048828125,1726.800048828125,1750.0999755859375,1725.5999755859375,1735.300048828125,488
2021-03-18 00:00:00+00:00,1732.199951171875,1732.199951171875,1750.300048828125,1721.800048828125,1745.800048828125,138
2021-03-19 00:00:00+00:00,1741.4000244140625,1741.4000244140625,1742.199951171875,1733.5999755859375,1742.199951171875,13
2021-03-22 00:00:00+00:00,1737.800048828125,1737.800048828125,1737.800048828125,1737.800048828125,1737.800048828125,51
2021-03-23 00:00:00+00:00,1724.699951171875,1724.699951171875,1724.699951171875,1724.699951171875,1724.699951171875,6
2021-03-24 00:00:00+00:00,1732.9000244140625,1732.9000244140625,1732.9000244140625,1727.5,1727.5,26
2021-03-25 00:00:00+00:00,1724.9000244140625,1724.9000244140625,1733.199951171875,1724.5,1732.699951171875,15
2021-03-26 00:00:00+00:00,1732.199951171875,1732.199951171875,1732.199951171875,1721.300048828125,1721.300048828125,33
2021-03-29 00:00:00+00:00,1712.0999755859375,1712.0999755859375,1712.0999755859375,1712.0999755859375,1712.0999755859375,135457
2021-03-30 00:00:00+00:00,1683.9000244140625,1683.9000244140625,1712.5999755859375,1676.5,1711.0,25316
2021-03-31 00:00:00+00:00,1713.800048828125,1713.800048828125,1713.800048828125,1676.5,1683.699951171875,762
2021-04-01 00:00:00+00:00,1726.5,1726.5,1728.800048828125,1706.4000244140625,1706.800048828125,720
2021-04-05 00:00:00+00:00,1727.0,1727.0,1729.699951171875,1721.9000244140625,1727.9000244140625,275
2021-04-06 00:00:00+00:00,1741.5,1741.5,1744.800048828125,1726.9000244140625,1726.9000244140625,890
2021-04-07 00:00:00+00:00,1740.0999755859375,1740.0999755859375,1742.699951171875,1733.699951171875,1742.699951171875,557
2021-04-08 00:00:00+00:00,1756.800048828125,1756.800048828125,1758.0,1734.5999755859375,1736.0,1298
2021-04-09 00:00:00+00:00,1743.300048828125,1743.300048828125,1750.800048828125,1733.300048828125,1750.800048828125,484
2021-04-12 00:00:00+00:00,1731.199951171875,1731.199951171875,1740.800048828125,1726.699951171875,1740.800048828125,40
2021-04-13 00:00:00+00:00,1746.199951171875,1746.199951171875,1746.9000244140625,1722.0999755859375,1733.800048828125,367
2021-04-14 00:00:00+00:00,1734.9000244140625,1734.9000244140625,1745.9000244140625,1732.699951171875,1741.300048828125,1037
2021-04-15 00:00:00+00:00,1765.4000244140625,1765.4000244140625,1767.9000244140625,1740.0999755859375,1740.0999755859375,368
2021-04-16 00:00:00+00:00,1779.0,1779.0,1779.5,1770.0999755859375,1770.4000244140625,625
2021-04-19 00:00:00+00:00,1769.4000244140625,1769.4000244140625,1788.5,1769.4000244140625,1782.0999755859375,144
2021-04-20 00:00:00+00:00,1777.300048828125,1777.300048828125,1777.300048828125,1765.5,1769.300048828125,1464
2021-04-21 00:00:00+00:00,1792.300048828125,1792.300048828125,1794.0999755859375,1777.699951171875,1783.0,250
2021-04-22 00:00:00+00:00,1781.199951171875,1781.199951171875,1794.199951171875,1779.5,1794.199951171875,159
2021-04-23 00:00:00+00:00,1777.0,1777.0,1794.5,1772.0,1786.0999755859375,332
2021-04-26 00:00:00+00:00,1779.199951171875,1779.199951171875,1779.699951171875,1770.800048828125,1778.0,549
2021-04-27 00:00:00+00:00,1778.0,1778.0,1782.0,1777.699951171875,1780.0,117
2021-04-28 00:00:00+00:00,1773.199951171875,1773.199951171875,1774.0,1764.5999755859375,1768.199951171875,756
2021-04-29 00:00:00+00:00,1768.0999755859375,1768.0999755859375,1789.0,1758.5999755859375,1781.0,196
2021-04-30 00:00:00+00:00,1767.300048828125,1767.300048828125,1771.800048828125,1763.9000244140625,1771.800048828125,18
2021-05-03 00:00:00+00:00,1791.4000244140625,1791.4000244140625,1793.0,1788.5,1788.5,18
2021-05-04 00:00:00+00:00,1775.800048828125,1775.800048828125,1788.5,1774.800048828125,1788.199951171875,182
2021-05-05 00:00:00+00:00,1784.0999755859375,1784.0999755859375,1784.0999755859375,1779.199951171875,1781.5,57
2021-05-06 00:00:00+00:00,1815.5,1815.5,1815.5,1787.5999755859375,1788.9000244140625,13
2021-05-07 00:00:00+00:00,1831.0999755859375,1831.0999755859375,1842.9000244140625,1831.0999755859375,1842.9000244140625,2
2021-05-10 00:00:00+00:00,1837.5,1837.5,1845.5999755859375,1835.4000244140625,1835.5999755859375,13
2021-05-11 00:00:00+00:00,1835.9000244140625,1835.9000244140625,1838.0999755859375,1831.5999755859375,1837.199951171875,420
2021-05-12 00:00:00+00:00,1822.5999755859375,1822.5999755859375,1825.199951171875,1821.699951171875,1825.199951171875,3
2021-05-13 00:00:00+00:00,1823.800048828125,1823.800048828125,1826.800048828125,1814.0999755859375,1814.699951171875,100
2021-05-14 00:00:00+00:00,1837.9000244140625,1837.9000244140625,1842.9000244140625,1824.5,1824.5,41
2021-05-17 00:00:00+00:00,1867.5,1867.5,1867.5,1847.199951171875,1849.9000244140625,13
2021-05-18 00:00:00+00:00,1867.800048828125,1867.800048828125,1870.5,1867.800048828125,1870.5,3
2021-05-19 00:00:00+00:00,1881.300048828125,1881.300048828125,1884.9000244140625,1863.5999755859375,1866.4000244140625,348
2021-05-20 00:00:00+00:00,1881.800048828125,1881.800048828125,1885.0,1864.800048828125,1865.5,85
2021-05-21 00:00:00+00:00,1876.699951171875,1876.699951171875,1876.699951171875,1872.0999755859375,1872.0999755859375,5
2021-05-24 00:00:00+00:00,1884.5999755859375,1884.5999755859375,1884.5999755859375,1882.0999755859375,1882.0999755859375,39
2021-05-25 00:00:00+00:00,1898.0999755859375,1898.0999755859375,1898.0999755859375,1882.5,1882.5,56
2021-05-26 00:00:00+00:00,1901.300048828125,1901.300048828125,1901.300048828125,1901.300048828125,1901.300048828125,170526
2021-05-27 00:00:00+00:00,1895.699951171875,1895.699951171875,1903.9000244140625,1888.199951171875,1896.800048828125,35794
2021-05-28 00:00:00+00:00,1902.5,1902.5,1905.4000244140625,1881.9000244140625,1897.5,2415
2021-06-01 00:00:00+00:00,1902.9000244140625,1902.9000244140625,1916.199951171875,1892.800048828125,1905.0999755859375,640
2021-06-02 00:00:00+00:00,1907.5,1907.5,1908.800048828125,1896.0,1899.199951171875,1267
2021-06-03 00:00:00+00:00,1871.199951171875,1871.199951171875,1908.800048828125,1865.0,1908.800048828125,1021
2021-06-04 00:00:00+00:00,1889.800048828125,1889.800048828125,1895.5,1854.0,1869.300048828125,367
2021-06-07 00:00:00+00:00,1896.800048828125,1896.800048828125,1899.699951171875,1883.199951171875,1890.5,87
2021-06-08 00:00:00+00:00,1892.199951171875,1892.199951171875,1902.9000244140625,1890.0,1896.5,930
2021-06-09 00:00:00+00:00,1893.199951171875,1893.199951171875,1897.699951171875,1889.199951171875,1894.9000244140625,148
2021-06-10 00:00:00+00:00,1894.199951171875,1894.199951171875,1899.800048828125,1871.5,1887.699951171875,186
2021-06-11 00:00:00+00:00,1877.4000244140625,1877.4000244140625,1902.300048828125,1875.199951171875,1900.9000244140625,349
2021-06-14 00:00:00+00:00,1864.0,1864.0,1866.5999755859375,1846.5,1866.199951171875,41
2021-06-15 00:00:00+00:00,1854.5,1854.5,1867.199951171875,1854.4000244140625,1866.4000244140625,78
2021-06-16 00:00:00+00:00,1859.5,1859.5,1860.0999755859375,1809.199951171875,1859.4000244140625,117
2021-06-17 00:00:00+00:00,1773.800048828125,1773.800048828125,1823.300048828125,1769.5999755859375,1811.800048828125,1135
2021-06-18 00:00:00+00:00,1767.9000244140625,1767.9000244140625,1792.4000244140625,1767.9000244140625,1775.699951171875,354
2021-06-21 00:00:00+00:00,1781.800048828125,1781.800048828125,1785.199951171875,1766.800048828125,1768.800048828125,38
2021-06-22 00:00:00+00:00,1776.300048828125,1776.300048828125,1786.9000244140625,1775.9000244140625,1783.4000244140625,101
2021-06-23 00:00:00+00:00,1782.300048828125,1782.300048828125,1793.199951171875,1780.5999755859375,1780.699951171875,136
2021-06-24 00:00:00+00:00,1775.5999755859375,1775.5999755859375,1786.4000244140625,1775.5999755859375,1778.9000244140625,78
2021-06-25 00:00:00+00:00,1776.5999755859375,1776.5999755859375,1788.0,1775.199951171875,1777.699951171875,35
2021-06-28 00:00:00+00:00,1779.5999755859375,1779.5999755859375,1779.5999755859375,1779.5999755859375,1779.5999755859375,888
2021-06-29 00:00:00+00:00,1762.800048828125,1762.800048828125,1777.0999755859375,1752.0999755859375,1776.800048828125,419
2021-06-30 00:00:00+00:00,1770.800048828125,1770.800048828125,1770.800048828125,1759.199951171875,1761.0999755859375,51
2021-07-01 00:00:00+00:00,1775.9000244140625,1775.9000244140625,1781.199951171875,1768.800048828125,1775.699951171875,44
2021-07-02 00:00:00+00:00,1782.5999755859375,1782.5999755859375,1787.9000244140625,1778.300048828125,1778.699951171875,23
2021-07-06 00:00:00+00:00,1793.5,1793.5,1809.800048828125,1786.699951171875,1786.699951171875,332
2021-07-07 00:00:00+00:00,1801.5,1801.5,1808.4000244140625,1797.199951171875,1798.699951171875,244
2021-07-08 00:00:00+00:00,1799.5999755859375,1799.5999755859375,1818.5,1797.0,1797.0,148
2021-07-09 00:00:00+00:00,1810.0,1810.0,1810.0999755859375,1798.800048828125,1803.5999755859375,218
2021-07-12 00:00:00+00:00,1805.5,1805.5,1805.5,1799.5,1802.5999755859375,147
2021-07-13 00:00:00+00:00,1809.4000244140625,1809.4000244140625,1812.0,1800.5999755859375,1808.0999755859375,78
2021-07-14 00:00:00+00:00,1824.300048828125,1824.300048828125,1829.0,1813.0999755859375,1813.0999755859375,707
2021-07-15 00:00:00+00:00,1828.4000244140625,1828.4000244140625,1833.0,1823.4000244140625,1831.5999755859375,99
2021-07-16 00:00:00+00:00,1814.5,1814.5,1831.4000244140625,1814.5,1830.0999755859375,78
2021-07-19 00:00:00+00:00,1808.699951171875,1808.699951171875,1813.4000244140625,1803.300048828125,1803.300048828125,33
2021-07-20 00:00:00+00:00,1810.9000244140625,1810.9000244140625,1824.0,1810.9000244140625,1812.9000244140625,128
2021-07-21 00:00:00+00:00,1802.9000244140625,1802.9000244140625,1807.0,1800.0,1807.0,135
2021-07-22 00:00:00+00:00,1805.0,1805.0,1805.0,1793.5999755859375,1793.5999755859375,2
2021-07-23 00:00:00+00:00,1801.4000244140625,1801.4000244140625,1801.4000244140625,1800.0,1800.0,1
2021-07-26 00:00:00+00:00,1798.699951171875,1798.699951171875,1802.5,1797.199951171875,1802.5,17
2021-07-27 00:00:00+00:00,1799.5,1799.5,1803.699951171875,1799.5,1803.699951171875,1
2021-07-28 00:00:00+00:00,1799.5,1799.5,1799.5,1799.5,1799.5,209783
2021-07-29 00:00:00+00:00,1831.199951171875,1831.199951171875,1832.5999755859375,1806.0999755859375,1806.5999755859375,30496
2021-07-30 00:00:00+00:00,1812.5999755859375,1812.5999755859375,1830.5,1808.9000244140625,1828.0,3100
2021-08-02 00:00:00+00:00,1818.0999755859375,1818.0999755859375,1818.699951171875,1804.800048828125,1812.4000244140625,1334
2021-08-03 00:00:00+00:00,1810.0999755859375,1810.0999755859375,1813.5,1806.0,1812.300048828125,3341
2021-08-04 00:00:00+00:00,1810.5,1810.5,1831.300048828125,1806.300048828125,1809.300048828125,2860
2021-08-05 00:00:00+00:00,1805.0999755859375,1805.0999755859375,1813.699951171875,1796.0,1810.800048828125,588
2021-08-06 00:00:00+00:00,1760.0,1760.0,1800.0999755859375,1758.4000244140625,1799.800048828125,859
2021-08-09 00:00:00+00:00,1723.4000244140625,1723.4000244140625,1753.800048828125,1692.5999755859375,1753.5,1621
2021-08-10 00:00:00+00:00,1728.800048828125,1728.800048828125,1735.199951171875,1720.0999755859375,1728.5999755859375,1363
2021-08-11 00:00:00+00:00,1750.4000244140625,1750.4000244140625,1752.199951171875,1727.300048828125,1727.300048828125,542
2021-08-12 00:00:00+00:00,1749.0,1749.0,1752.4000244140625,1745.5,1749.699951171875,739
2021-08-13 00:00:00+00:00,1775.199951171875,1775.199951171875,1777.300048828125,1757.4000244140625,1758.300048828125,436
2021-08-16 00:00:00+00:00,1786.9000244140625,1786.9000244140625,1787.800048828125,1771.9000244140625,1776.9000244140625,219
2021-08-17 00:00:00+00:00,1785.0,1785.0,1794.199951171875,1780.0,1787.699951171875,200
2021-08-18 00:00:00+00:00,1781.5999755859375,1781.5999755859375,1791.5,1779.0,1787.800048828125,263
2021-08-19 00:00:00+00:00,1780.199951171875,1780.199951171875,1789.300048828125,1775.5,1780.0,245
2021-08-20 00:00:00+00:00,1781.0,1781.0,1787.5,1778.199951171875,1784.0999755859375,235
2021-08-23 00:00:00+00:00,1803.199951171875,1803.199951171875,1804.800048828125,1776.800048828125,1776.800048828125,32
2021-08-24 00:00:00+00:00,1805.5999755859375,1805.5999755859375,1805.5999755859375,1801.0,1801.0,22
2021-08-25 00:00:00+00:00,1788.199951171875,1788.199951171875,1792.9000244140625,1784.0,1792.0,812
2021-08-26 00:00:00+00:00,1792.199951171875,1792.199951171875,1792.199951171875,1781.0,1787.4000244140625,61
2021-08-27 00:00:00+00:00,1816.5999755859375,1816.5999755859375,1816.5999755859375,1803.0999755859375,1803.4000244140625,1219
2021-08-30 00:00:00+00:00,1809.0,1809.0,1820.300048828125,1807.800048828125,1818.199951171875,684
2021-08-31 00:00:00+00:00,1815.0,1815.0,1815.9000244140625,1801.0999755859375,1815.9000244140625,82
2021-09-01 00:00:00+00:00,1813.0999755859375,1813.0999755859375,1815.9000244140625,1809.5,1813.5,114
2021-09-02 00:00:00+00:00,1808.699951171875,1808.699951171875,1813.9000244140625,1806.800048828125,1813.199951171875,26
2021-09-03 00:00:00+00:00,1830.9000244140625,1830.9000244140625,1833.9000244140625,1818.9000244140625,1820.9000244140625,53
2021-09-07 00:00:00+00:00,1795.9000244140625,1795.9000244140625,1825.699951171875,1792.699951171875,1825.699951171875,48
2021-09-08 00:00:00+00:00,1790.699951171875,1790.699951171875,1790.699951171875,1781.699951171875,1781.699951171875,69
2021-09-09 00:00:00+00:00,1797.4000244140625,1797.4000244140625,1798.699951171875,1787.9000244140625,1798.699951171875,49
2021-09-10 00:00:00+00:00,1789.5999755859375,1789.5999755859375,1789.5999755859375,1789.5999755859375,1789.5999755859375,0
2021-09-13 00:00:00+00:00,1792.0,1792.0,1796.0,1784.0,1789.800048828125,533
2021-09-14 00:00:00+00:00,1804.699951171875,1804.699951171875,1806.199951171875,1783.0,1791.4000244140625,764
2021-09-15 00:00:00+00:00,1792.4000244140625,1792.4000244140625,1803.699951171875,1792.4000244140625,1803.699951171875,59
2021-09-16 00:00:00+00:00,1754.5999755859375,1754.5999755859375,1792.9000244140625,1743.9000244140625,1792.9000244140625,1645
2021-09-17 00:00:00+00:00,1749.4000244140625,1749.4000244140625,1763.0,1749.4000244140625,1758.800048828125,581
2021-09-20 00:00:00+00:00,1761.800048828125,1761.800048828125,1761.800048828125,1750.9000244140625,1751.800048828125,185
2021-09-21 00:00:00+00:00,1776.0,1776.0,1776.0,1759.0,1762.199951171875,106
2021-09-22 00:00:00+00:00,1776.699951171875,1776.699951171875,1784.300048828125,1767.0,1776.699951171875,17
2021-09-23 00:00:00+00:00,1747.699951171875,1747.699951171875,1766.800048828125,1738.199951171875,1766.800048828125,31
2021-09-24 00:00:00+00:00,1749.699951171875,1749.699951171875,1749.699951171875,1745.0,1749.699951171875,76
2021-09-27 00:00:00+00:00,1750.0,1750.0,1754.4000244140625,1747.5,1751.699951171875,808
2021-09-28 00:00:00+00:00,1735.800048828125,1735.800048828125,1741.699951171875,1726.800048828125,1739.5999755859375,15748
2021-09-29 00:00:00+00:00,1721.5,1721.5,1744.0999755859375,1721.4000244140625,1732.4000244140625,6634
2021-09-30 00:00:00+00:00,1755.300048828125,1755.300048828125,1760.300048828125,1724.5,1725.5,997
2021-10-01 00:00:00+00:00,1757.0,1757.0,1762.5999755859375,1748.5,1754.300048828125,2220
2021-10-04 00:00:00+00:00,1766.199951171875,1766.199951171875,1768.9000244140625,1749.5,1764.5,417
2021-10-05 00:00:00+00:00,1759.5999755859375,1759.5999755859375,1764.300048828125,1749.0,1764.300048828125,98
2021-10-06 00:00:00+00:00,1760.5,1760.5,1762.9000244140625,1744.699951171875,1759.300048828125,56
2021-10-07 00:00:00+00:00,1757.9000244140625,1757.9000244140625,1762.4000244140625,1752.800048828125,1762.4000244140625,336
2021-10-08 00:00:00+00:00,1756.300048828125,1756.300048828125,1780.0,1754.199951171875,1757.0,254
2021-10-11 00:00:00+00:00,1754.5999755859375,1754.5999755859375,1757.800048828125,1752.199951171875,1756.5999755859375,128
2021-10-12 00:00:00+00:00,1758.300048828125,1758.300048828125,1768.0,1749.800048828125,1751.9000244140625,139
2021-10-13 00:00:00+00:00,1793.699951171875,1793.699951171875,1794.5,1760.800048828125,1760.800048828125,150
2021-10-14 00:00:00+00:00,1796.699951171875,1796.699951171875,1799.9000244140625,1792.0,1792.199951171875,337
2021-10-15 00:00:00+00:00,1767.199951171875,1767.199951171875,1795.4000244140625,1766.5999755859375,1794.5,874
2021-10-18 00:00:00+00:00,1764.800048828125,1764.800048828125,1770.0999755859375,1759.5,1761.5999755859375,266
2021-10-19 00:00:00+00:00,1769.699951171875,1769.699951171875,1785.0,1767.5,1777.5999755859375,51
2021-10-20 00:00:00+00:00,1784.0999755859375,1784.0999755859375,1785.5999755859375,1774.0,1774.5999755859375,127
2021-10-21 00:00:00+00:00,1781.199951171875,1781.199951171875,1785.699951171875,1781.0,1782.0,146
2021-10-22 00:00:00+00:00,1795.5,1795.5,1806.9000244140625,1784.0,1787.0999755859375,532
2021-10-25 00:00:00+00:00,1806.0,1806.0,1809.0,1794.0,1794.300048828125,140
2021-10-26 00:00:00+00:00,1792.699951171875,1792.699951171875,1808.800048828125,1788.5999755859375,1808.800048828125,359
2021-10-27 00:00:00+00:00,1797.9000244140625,1797.9000244140625,1798.0999755859375,1791.5,1791.5,543
2021-10-28 00:00:00+00:00,1801.5999755859375,1801.5999755859375,1807.300048828125,1795.5,1795.5,452
2021-10-29 00:00:00+00:00,1783.0,1783.0,1797.0,1774.5999755859375,1793.0999755859375,583
2021-11-01 00:00:00+00:00,1795.0999755859375,1795.0999755859375,1795.0999755859375,1786.699951171875,1787.5,142
2021-11-02 00:00:00+00:00,1788.699951171875,1788.699951171875,1795.5,1787.699951171875,1790.5,213
2021-11-03 00:00:00+00:00,1763.5999755859375,1763.5999755859375,1768.0,1761.800048828125,1768.0,108
2021-11-04 00:00:00+00:00,1793.0,1793.0,1798.199951171875,1776.199951171875,1776.5999755859375,103
2021-11-05 00:00:00+00:00,1816.4000244140625,1816.4000244140625,1817.0999755859375,1794.9000244140625,1794.9000244140625,239
2021-11-08 00:00:00+00:00,1827.4000244140625,1827.4000244140625,1827.4000244140625,1816.9000244140625,1817.0,261
2021-11-09 00:00:00+00:00,1830.199951171875,1830.199951171875,1832.699951171875,1820.699951171875,1826.0999755859375,170
2021-11-10 00:00:00+00:00,1847.5999755859375,1847.5999755859375,1865.0,1824.9000244140625,1825.800048828125,795
2021-11-11 00:00:00+00:00,1863.199951171875,1863.199951171875,1866.5,1853.9000244140625,1853.9000244140625,292
2021-11-12 00:00:00+00:00,1867.9000244140625,1867.9000244140625,1867.9000244140625,1847.5999755859375,1860.800048828125,210
2021-11-15 00:00:00+00:00,1866.0999755859375,1866.0999755859375,1866.9000244140625,1864.5,1864.5,87
2021-11-16 00:00:00+00:00,1853.5999755859375,1853.5999755859375,1853.5999755859375,1853.5999755859375,1853.5999755859375,1
2021-11-17 00:00:00+00:00,1869.699951171875,1869.699951171875,1869.699951171875,1862.5999755859375,1862.5999755859375,2
2021-11-18 00:00:00+00:00,1861.0,1861.0,1861.0,1861.0,1861.0,9
2021-11-19 00:00:00+00:00,1851.199951171875,1851.199951171875,1851.199951171875,1851.199951171875,1851.199951171875,21
2021-11-22 00:00:00+00:00,1806.0,1806.0,1841.5999755859375,1805.699951171875,1841.5999755859375,14
2021-11-23 00:00:00+00:00,1783.5,1783.5,1795.5,1783.5,1795.5,264
2021-11-24 00:00:00+00:00,1784.0999755859375,1784.0999755859375,1793.0,1781.4000244140625,1793.0,188
2021-11-26 00:00:00+00:00,1785.300048828125,1785.300048828125,1791.4000244140625,1785.300048828125,1791.0999755859375,186800
2021-11-29 00:00:00+00:00,1782.300048828125,1782.300048828125,1798.9000244140625,1779.0999755859375,1791.699951171875,26926
2021-11-30 00:00:00+00:00,1773.5999755859375,1773.5999755859375,1808.0999755859375,1768.699951171875,1783.9000244140625,4903
2021-12-01 00:00:00+00:00,1781.5999755859375,1781.5999755859375,1790.5,1772.300048828125,1774.800048828125,1128
2021-12-02 00:00:00+00:00,1760.699951171875,1760.699951171875,1780.9000244140625,1760.5999755859375,1780.9000244140625,1557
2021-12-03 00:00:00+00:00,1782.0,1782.0,1785.0999755859375,1766.5,1767.5,694
2021-12-06 00:00:00+00:00,1777.5,1777.5,1783.0,1777.199951171875,1780.199951171875,381
2021-12-07 00:00:00+00:00,1782.5999755859375,1782.5999755859375,1786.0999755859375,1772.300048828125,1779.5,308
2021-12-08 00:00:00+00:00,1783.4000244140625,1783.4000244140625,1789.9000244140625,1779.0,1789.9000244140625,1383
2021-12-09 00:00:00+00:00,1774.5999755859375,1774.5999755859375,1783.5,1771.800048828125,1783.5,455
2021-12-10 00:00:00+00:00,1782.9000244140625,1782.9000244140625,1785.4000244140625,1769.0999755859375,1773.800048828125,545
2021-12-13 00:00:00+00:00,1786.300048828125,1786.300048828125,1787.0999755859375,1783.800048828125,1784.4000244140625,206
2021-12-14 00:00:00+00:00,1770.4000244140625,1770.4000244140625,1787.0,1769.0,1787.0,322
2021-12-15 00:00:00+00:00,1762.5999755859375,1762.5999755859375,1778.699951171875,1753.9000244140625,1767.4000244140625,283
2021-12-16 00:00:00+00:00,1796.5999755859375,1796.5999755859375,1798.0999755859375,1781.0,1781.0,21
2021-12-17 00:00:00+00:00,1803.800048828125,1803.800048828125,1812.9000244140625,1803.800048828125,1804.0,654
2021-12-20 00:00:00+00:00,1793.699951171875,1793.699951171875,1799.800048828125,1792.0,1796.800048828125,226
2021-12-21 00:00:00+00:00,1787.9000244140625,1787.9000244140625,1796.5,1787.9000244140625,1791.4000244140625,575
2021-12-22 00:00:00+00:00,1801.5999755859375,1801.5999755859375,1805.199951171875,1785.5,1786.0,567
2021-12-23 00:00:00+00:00,1811.199951171875,1811.199951171875,1811.199951171875,1800.800048828125,1806.0,193
2021-12-27 00:00:00+00:00,1808.0999755859375,1808.0999755859375,1812.0999755859375,1807.0,1810.0,150
2021-12-28 00:00:00+00:00,1810.199951171875,1810.199951171875,1818.0,1805.5,1812.0,146
2021-12-29 00:00:00+00:00,1805.0999755859375,1805.0999755859375,1805.0999755859375,1791.4000244140625,1803.199951171875,623
2021-12-30 00:00:00+00:00,1812.699951171875,1812.699951171875,1816.0,1796.0,1801.699951171875,306
2021-12-31 00:00:00+00:00,1827.5,1827.5,1827.800048828125,1821.4000244140625,1825.0999755859375,80
2022-01-03 00:00:00+00:00,1799.4000244140625,1799.4000244140625,1830.0999755859375,1798.800048828125,1830.0999755859375,116
2022-01-04 00:00:00+00:00,1814.0,1814.0,1815.300048828125,1800.0,1800.5,38
2022-01-05 00:00:00+00:00,1824.5999755859375,1824.5999755859375,1824.5999755859375,1813.0999755859375,1813.0999755859375,8
2022-01-06 00:00:00+00:00,1788.699951171875,1788.699951171875,1791.300048828125,1787.0999755859375,1787.0999755859375,30
2022-01-07 00:00:00+00:00,1797.0,1797.0,1797.0,1784.4000244140625,1791.800048828125,17
2022-01-10 00:00:00+00:00,1798.4000244140625,1798.4000244140625,1798.699951171875,1790.4000244140625,1794.9000244140625,534
2022-01-11 00:00:00+00:00,1818.5999755859375,1818.5999755859375,1822.5,1803.0,1803.9000244140625,743
2022-01-12 00:00:00+00:00,1827.199951171875,1827.199951171875,1827.199951171875,1816.9000244140625,1819.0,1547
2022-01-13 00:00:00+00:00,1821.199951171875,1821.199951171875,1823.0,1815.4000244140625,1819.800048828125,40
2022-01-14 00:00:00+00:00,1816.5,1816.5,1822.0,1816.5,1821.5,816
2022-01-18 00:00:00+00:00,1812.300048828125,1812.300048828125,1820.0999755859375,1812.300048828125,1816.800048828125,900
2022-01-19 00:00:00+00:00,1843.0999755859375,1843.0999755859375,1843.0999755859375,1817.4000244140625,1817.4000244140625,4
2022-01-20 00:00:00+00:00,1842.5,1842.5,1843.0,1838.199951171875,1840.5999755859375,20
2022-01-21 00:00:00+00:00,1831.800048828125,1831.800048828125,1842.4000244140625,1828.9000244140625,1838.0,19
2022-01-24 00:00:00+00:00,1841.699951171875,1841.699951171875,1842.0999755859375,1837.9000244140625,1837.9000244140625,8
2022-01-25 00:00:00+00:00,1852.699951171875,1852.699951171875,1852.699951171875,1842.0,1843.0,11
2022-01-26 00:00:00+00:00,1829.9000244140625,1829.9000244140625,1829.9000244140625,1829.9000244140625,1829.9000244140625,55
2022-01-27 00:00:00+00:00,1793.300048828125,1793.300048828125,1793.300048828125,1793.300048828125,1793.300048828125,196036
2022-01-28 00:00:00+00:00,1784.9000244140625,1784.9000244140625,1798.4000244140625,1778.800048828125,1797.5,28521
2022-01-31 00:00:00+00:00,1795.0,1795.0,1798.5,1785.0999755859375,1788.5,1735
2022-02-01 00:00:00+00:00,1800.300048828125,1800.300048828125,1806.0999755859375,1797.0999755859375,1797.199951171875,223
2022-02-02 00:00:00+00:00,1809.199951171875,1809.199951171875,1810.0999755859375,1795.0999755859375,1797.800048828125,1690
2022-02-03 00:00:00+00:00,1803.0,1803.0,1808.0999755859375,1787.9000244140625,1805.800048828125,466
2022-02-04 00:00:00+00:00,1806.5999755859375,1806.5999755859375,1813.699951171875,1792.5,1806.0,571
2022-02-07 00:00:00+00:00,1820.5999755859375,1820.5999755859375,1821.300048828125,1809.0999755859375,1812.199951171875,601
2022-02-08 00:00:00+00:00,1826.5999755859375,1826.5999755859375,1827.5999755859375,1815.0,1818.9000244140625,108
2022-02-09 00:00:00+00:00,1835.199951171875,1835.199951171875,1835.199951171875,1825.300048828125,1825.4000244140625,683
2022-02-10 00:00:00+00:00,1836.199951171875,1836.199951171875,1842.0999755859375,1820.800048828125,1833.300048828125,365
2022-02-11 00:00:00+00:00,1840.800048828125,1840.800048828125,1864.800048828125,1822.0,1822.0,181
2022-02-14 00:00:00+00:00,1868.0,1868.0,1870.5999755859375,1854.5999755859375,1861.800048828125,79
2022-02-15 00:00:00+00:00,1854.800048828125,1854.800048828125,1879.699951171875,1847.4000244140625,1872.5999755859375,86
2022-02-16 00:00:00+00:00,1870.199951171875,1870.199951171875,1870.199951171875,1856.300048828125,1858.699951171875,34
2022-02-17 00:00:00+00:00,1900.699951171875,1900.699951171875,1900.699951171875,1876.199951171875,1876.300048828125,393
2022-02-18 00:00:00+00:00,1898.5999755859375,1898.5999755859375,1899.4000244140625,1890.699951171875,1899.4000244140625,51
2022-02-22 00:00:00+00:00,1906.0999755859375,1906.0999755859375,1912.0,1890.800048828125,1908.0999755859375,173
2022-02-23 00:00:00+00:00,1909.199951171875,1909.199951171875,1910.5999755859375,1895.699951171875,1896.5999755859375,73
2022-02-24 00:00:00+00:00,1925.0999755859375,1925.0999755859375,1972.5,1911.699951171875,1911.9000244140625,2706
2022-02-25 00:00:00+00:00,1886.5,1886.5,1920.0,1883.5999755859375,1906.9000244140625,586
2022-02-28 00:00:00+00:00,1899.4000244140625,1899.4000244140625,1928.4000244140625,1894.199951171875,1928.300048828125,390
2022-03-01 00:00:00+00:00,1942.4000244140625,1942.4000244140625,1942.4000244140625,1903.800048828125,1908.300048828125,547
2022-03-02 00:00:00+00:00,1920.9000244140625,1920.9000244140625,1948.199951171875,1919.800048828125,1945.5999755859375,109
2022-03-03 00:00:00+00:00,1934.4000244140625,1934.4000244140625,1940.300048828125,1924.800048828125,1930.5,122
2022-03-04 00:00:00+00:00,1965.0999755859375,1965.0999755859375,1970.9000244140625,1935.5999755859375,1937.0,47
2022-03-07 00:00:00+00:00,1993.9000244140625,1993.9000244140625,2001.0999755859375,1963.0,1989.0,2516
2022-03-08 00:00:00+00:00,2040.0999755859375,2040.0999755859375,2072.0,1998.0,1999.4000244140625,1813
2022-03-09 00:00:00+00:00,1985.9000244140625,1985.9000244140625,2063.0,1980.800048828125,2053.60009765625,1022
2022-03-10 00:00:00+00:00,1998.0999755859375,1998.0999755859375,2010.5,1978.0999755859375,1978.0999755859375,670
2022-03-11 00:00:00+00:00,1982.699951171875,1982.699951171875,1996.0,1959.9000244140625,1985.0,865
2022-03-14 00:00:00+00:00,1959.5999755859375,1959.5999755859375,1977.699951171875,1959.5999755859375,1976.5,145
2022-03-15 00:00:00+00:00,1928.5,1928.5,1939.9000244140625,1910.699951171875,1939.800048828125,71
2022-03-16 00:00:00+00:00,1908.0,1908.0,1922.4000244140625,1907.199951171875,1922.4000244140625,104
2022-03-17 00:00:00+00:00,1942.0999755859375,1942.0999755859375,1947.199951171875,1933.9000244140625,1933.9000244140625,39
2022-03-18 00:00:00+00:00,1928.199951171875,1928.199951171875,1939.300048828125,1928.199951171875,1934.5,28
2022-03-21 00:00:00+00:00,1928.5999755859375,1928.5999755859375,1928.5999755859375,1925.0,1925.4000244140625,5
2022-03-22 00:00:00+00:00,1920.699951171875,1920.699951171875,1920.699951171875,1920.699951171875,1920.699951171875,26
2022-03-23 00:00:00+00:00,1936.5999755859375,1936.5999755859375,1936.5999755859375,1936.5999755859375,1936.5999755859375,204
2022-03-24 00:00:00+00:00,1961.5999755859375,1961.5999755859375,1964.0,1961.5999755859375,1963.5999755859375,8
2022-03-25 00:00:00+00:00,1953.800048828125,1953.800048828125,1953.800048828125,1953.800048828125,1953.800048828125,83
2022-03-28 00:00:00+00:00,1939.5999755859375,1939.5999755859375,1939.5999755859375,1932.5999755859375,1932.5999755859375,7
2022-03-29 00:00:00+00:00,1912.0,1912.0,1912.0,1893.5,1893.5,128051
2022-03-30 00:00:00+00:00,1933.5,1933.5,1937.0,1914.5,1918.4000244140625,17765
2022-03-31 00:00:00+00:00,1949.199951171875,1949.199951171875,1949.9000244140625,1919.0999755859375,1933.5,3617
2022-04-01 00:00:00+00:00,1919.0999755859375,1919.0999755859375,1938.0,1917.0,1935.0,1016
2022-04-04 00:00:00+00:00,1929.199951171875,1929.199951171875,1936.0999755859375,1915.5999755859375,1921.199951171875,371
2022-04-05 00:00:00+00:00,1922.9000244140625,1922.9000244140625,1943.5,1918.4000244140625,1927.0999755859375,412
2022-04-06 00:00:00+00:00,1918.4000244140625,1918.4000244140625,1931.800048828125,1916.699951171875,1916.699951171875,138
2022-04-07 00:00:00+00:00,1933.800048828125,1933.800048828125,1934.800048828125,1919.5,1919.5,311
2022-04-08 00:00:00+00:00,1941.5999755859375,1941.5999755859375,1947.699951171875,1928.800048828125,1928.800048828125,153
2022-04-11 00:00:00+00:00,1944.300048828125,1944.300048828125,1968.4000244140625,1941.800048828125,1946.5999755859375,163
2022-04-12 00:00:00+00:00,1972.0999755859375,1972.0999755859375,1977.0999755859375,1950.5999755859375,1952.5,246
2022-04-13 00:00:00+00:00,1981.0,1981.0,1981.0,1969.5,1969.5,204
2022-04-14 00:00:00+00:00,1970.9000244140625,1970.9000244140625,1978.699951171875,1963.0,1977.199951171875,101
2022-04-18 00:00:00+00:00,1982.9000244140625,1982.9000244140625,1997.0999755859375,1972.800048828125,1973.4000244140625,196
2022-04-19 00:00:00+00:00,1955.699951171875,1955.699951171875,1978.300048828125,1945.699951171875,1973.800048828125,130
2022-04-20 00:00:00+00:00,1952.300048828125,1952.300048828125,1953.5999755859375,1945.5,1945.5,621
2022-04-21 00:00:00+00:00,1944.9000244140625,1944.9000244140625,1944.9000244140625,1942.5,1942.5,4
2022-04-22 00:00:00+00:00,1931.0,1931.0,1950.4000244140625,1930.199951171875,1949.5999755859375,178
2022-04-25 00:00:00+00:00,1893.199951171875,1893.199951171875,1925.0,1889.300048828125,1925.0,748
2022-04-26 00:00:00+00:00,1901.4000244140625,1901.4000244140625,1909.0999755859375,1894.0,1900.5,302
2022-04-27 00:00:00+00:00,1885.9000244140625,1885.9000244140625,1900.5999755859375,1882.199951171875,1897.800048828125,1786
2022-04-28 00:00:00+00:00,1888.699951171875,1888.699951171875,1893.0,1872.9000244140625,1883.800048828125,513
2022-04-29 00:00:00+00:00,1909.300048828125,1909.300048828125,1918.199951171875,1902.4000244140625,1902.699951171875,132
2022-05-02 00:00:00+00:00,1861.800048828125,1861.800048828125,1896.800048828125,1853.0,1896.699951171875,385
2022-05-03 00:00:00+00:00,1868.800048828125,1868.800048828125,1868.800048828125,1868.800048828125,1868.800048828125,466
2022-05-04 00:00:00+00:00,1867.0,1867.0,1867.0,1867.0,1867.0,1
2022-05-05 00:00:00+00:00,1874.0,1874.0,1904.300048828125,1874.0,1897.0,80
2022-05-06 00:00:00+00:00,1881.199951171875,1881.199951171875,1890.300048828125,1871.5,1874.699951171875,214
2022-05-09 00:00:00+00:00,1857.0999755859375,1857.0999755859375,1867.5,1854.0,1866.5999755859375,304
2022-05-10 00:00:00+00:00,1839.9000244140625,1839.9000244140625,1839.9000244140625,1839.9000244140625,1839.9000244140625,1540
2022-05-11 00:00:00+00:00,1852.5999755859375,1852.5999755859375,1852.5999755859375,1841.0,1841.5,892
2022-05-12 00:00:00+00:00,1823.800048828125,1823.800048828125,1851.9000244140625,1822.199951171875,1849.800048828125,153
2022-05-13 00:00:00+00:00,1807.4000244140625,1807.4000244140625,1825.0,1807.4000244140625,1825.0,335
2022-05-16 00:00:00+00:00,1813.5,1813.5,1813.5,1787.0,1790.5,34
2022-05-17 00:00:00+00:00,1818.199951171875,1818.199951171875,1828.5999755859375,1816.699951171875,1824.9000244140625,121
2022-05-18 00:00:00+00:00,1815.9000244140625,1815.9000244140625,1819.699951171875,1805.0,1815.0,311
2022-05-19 00:00:00+00:00,1841.199951171875,1841.199951171875,1841.199951171875,1810.699951171875,1810.9000244140625,138
2022-05-20 00:00:00+00:00,1841.800048828125,1841.800048828125,1841.800048828125,1836.300048828125,1839.0999755859375,110
2022-05-23 00:00:00+00:00,1847.800048828125,1847.800048828125,1863.0,1845.800048828125,1846.300048828125,216
2022-05-24 00:00:00+00:00,1865.0999755859375,1865.0999755859375,1867.0,1852.5,1852.5,33
2022-05-25 00:00:00+00:00,1846.199951171875,1846.199951171875,1846.199951171875,1846.199951171875,1846.199951171875,0
2022-05-26 00:00:00+00:00,1847.4000244140625,1847.4000244140625,1847.4000244140625,1840.4000244140625,1840.4000244140625,123355
2022-05-27 00:00:00+00:00,1851.300048828125,1851.300048828125,1860.699951171875,1845.9000244140625,1848.300048828125,30091
2022-05-31 00:00:00+00:00,1842.699951171875,1842.699951171875,1862.0999755859375,1832.800048828125,1850.300048828125,4073
2022-06-01 00:00:00+00:00,1843.300048828125,1843.300048828125,1847.9000244140625,1825.300048828125,1831.0,1623
2022-06-02 00:00:00+00:00,1866.5,1866.5,1868.699951171875,1842.0999755859375,1845.4000244140625,551
2022-06-03 00:00:00+00:00,1845.4000244140625,1845.4000244140625,1871.800048828125,1845.4000244140625,1867.5999755859375,53
2022-06-06 00:00:00+00:00,1839.199951171875,1839.199951171875,1854.0999755859375,1839.199951171875,1849.0,142
2022-06-07 00:00:00+00:00,1847.5,1847.5,1851.5999755859375,1835.0,1836.9000244140625,1168
2022-06-08 00:00:00+00:00,1851.9000244140625,1851.9000244140625,1855.0,1844.4000244140625,1844.800048828125,218
2022-06-09 00:00:00+00:00,1848.800048828125,1848.800048828125,1850.0999755859375,1837.9000244140625,1846.0999755859375,159
2022-06-10 00:00:00+00:00,1871.5,1871.5,1875.5999755859375,1823.9000244140625,1842.699951171875,1490
2022-06-13 00:00:00+00:00,1828.0,1828.0,1873.800048828125,1818.699951171875,1873.800048828125,127
2022-06-14 00:00:00+00:00,1809.5,1809.5,1825.5,1805.300048828125,1825.0,536
2022-06-15 00:00:00+00:00,1815.300048828125,1815.300048828125,1839.0,1810.800048828125,1814.0999755859375,108
2022-06-16 00:00:00+00:00,1845.699951171875,1845.699951171875,1850.5999755859375,1814.9000244140625,1819.199951171875,136
2022-06-17 00:00:00+00:00,1835.5999755859375,1835.5999755859375,1853.699951171875,1833.5999755859375,1853.699951171875,170
2022-06-21 00:00:00+00:00,1834.5999755859375,1834.5999755859375,1838.5999755859375,1830.0999755859375,1835.300048828125,216
2022-06-22 00:00:00+00:00,1834.300048828125,1834.300048828125,1842.699951171875,1821.5999755859375,1829.5,115
2022-06-23 00:00:00+00:00,1825.699951171875,1825.699951171875,1841.199951171875,1825.699951171875,1835.5,9
2022-06-24 00:00:00+00:00,1826.5,1826.5,1826.5,1815.800048828125,1820.5,61
2022-06-27 00:00:00+00:00,1820.9000244140625,1820.9000244140625,1830.699951171875,1819.9000244140625,1830.5,77
2022-06-28 00:00:00+00:00,1817.5,1817.5,1826.0,1817.5,1824.199951171875,391
2022-06-29 00:00:00+00:00,1813.699951171875,1813.699951171875,1830.300048828125,1812.800048828125,1818.300048828125,173
2022-06-30 00:00:00+00:00,1804.0999755859375,1804.0999755859375,1817.300048828125,1801.0,1809.5999755859375,328
2022-07-01 00:00:00+00:00,1798.9000244140625,1798.9000244140625,1806.0999755859375,1791.5999755859375,1795.5,77
2022-07-05 00:00:00+00:00,1761.800048828125,1761.800048828125,1805.4000244140625,1761.800048828125,1805.4000244140625,64
2022-07-06 00:00:00+00:00,1734.9000244140625,1734.9000244140625,1768.0,1734.0,1762.5,1729
2022-07-07 00:00:00+00:00,1737.9000244140625,1737.9000244140625,1745.199951171875,1737.0,1745.199951171875,1869
2022-07-08 00:00:00+00:00,1740.5999755859375,1740.5999755859375,1749.300048828125,1732.0999755859375,1738.0999755859375,370
2022-07-11 00:00:00+00:00,1730.0,1730.0,1736.699951171875,1730.0,1732.5,75
2022-07-12 00:00:00+00:00,1723.300048828125,1723.300048828125,1735.5,1723.300048828125,1734.199951171875,451
2022-07-13 00:00:00+00:00,1734.199951171875,1734.199951171875,1734.199951171875,1710.0,1710.0,368
2022-07-14 00:00:00+00:00,1704.5,1704.5,1710.5,1704.5,1710.300048828125,1289
2022-07-15 00:00:00+00:00,1702.4000244140625,1702.4000244140625,1709.699951171875,1701.0999755859375,1705.4000244140625,721
2022-07-18 00:00:00+00:00,1709.199951171875,1709.199951171875,1712.4000244140625,1709.199951171875,1712.199951171875,264
2022-07-19 00:00:00+00:00,1710.0,1710.0,1714.4000244140625,1706.0999755859375,1712.300048828125,1684
2022-07-20 00:00:00+00:00,1699.5,1699.5,1708.5,1699.5,1707.0999755859375,130
2022-07-21 00:00:00+00:00,1712.699951171875,1712.699951171875,1715.5,1679.800048828125,1687.0,183
2022-07-22 00:00:00+00:00,1727.0999755859375,1727.0999755859375,1735.0,1713.0,1713.300048828125,61
2022-07-25 00:00:00+00:00,1719.0,1719.0,1732.0,1719.0,1727.0,67
2022-07-26 00:00:00+00:00,1717.699951171875,1717.699951171875,1718.0,1717.699951171875,1718.0,1
2022-07-27 00:00:00+00:00,1719.0999755859375,1719.0999755859375,1719.0999755859375,1719.0999755859375,1719.0999755859375,144865
2022-07-28 00:00:00+00:00,1750.300048828125,1750.300048828125,1755.0,1732.0,1732.300048828125,37236
2022-07-29 00:00:00+00:00,1762.9000244140625,1762.9000244140625,1765.699951171875,1750.0,1754.0,3485
2022-08-01 00:00:00+00:00,1769.0,1769.0,1772.5,1756.0999755859375,1763.9000244140625,705
2022-08-02 00:00:00+00:00,1771.0999755859375,1771.0999755859375,1786.5999755859375,1759.4000244140625,1772.0999755859375,1078
2022-08-03 00:00:00+00:00,1758.0,1758.0,1770.5,1753.0,1756.699951171875,399
2022-08-04 00:00:00+00:00,1788.5,1788.5,1792.0999755859375,1767.699951171875,1769.4000244140625,285
2022-08-05 00:00:00+00:00,1772.9000244140625,1772.9000244140625,1791.4000244140625,1764.199951171875,1791.199951171875,645
2022-08-08 00:00:00+00:00,1786.800048828125,1786.800048828125,1786.800048828125,1771.800048828125,1771.800048828125,127
2022-08-09 00:00:00+00:00,1794.0,1794.0,1796.0999755859375,1789.0,1790.0,249
2022-08-10 00:00:00+00:00,1795.5999755859375,1795.5999755859375,1804.9000244140625,1787.800048828125,1804.4000244140625,601
2022-08-11 00:00:00+00:00,1789.699951171875,1789.699951171875,1794.300048828125,1785.699951171875,1794.300048828125,1235
2022-08-12 00:00:00+00:00,1798.5999755859375,1798.5999755859375,1800.4000244140625,1784.300048828125,1786.300048828125,187
2022-08-15 00:00:00+00:00,1781.4000244140625,1781.4000244140625,1799.0,1774.699951171875,1799.0,64
2022-08-16 00:00:00+00:00,1773.199951171875,1773.199951171875,1777.4000244140625,1771.4000244140625,1777.4000244140625,308
2022-08-17 00:00:00+00:00,1760.300048828125,1760.300048828125,1769.699951171875,1760.0,1769.699951171875,23
2022-08-18 00:00:00+00:00,1755.300048828125,1755.300048828125,1762.9000244140625,1753.4000244140625,1762.9000244140625,321
2022-08-19 00:00:00+00:00,1747.5999755859375,1747.5999755859375,1754.300048828125,1747.5,1753.699951171875,49
2022-08-22 00:00:00+00:00,1734.0,1734.0,1740.5,1726.5,1740.5,347
2022-08-23 00:00:00+00:00,1746.800048828125,1746.800048828125,1748.9000244140625,1731.9000244140625,1738.0,509
2022-08-24 00:00:00+00:00,1747.800048828125,1747.800048828125,1751.800048828125,1743.5999755859375,1745.0,187
2022-08-25 00:00:00+00:00,1757.699951171875,1757.699951171875,1761.800048828125,1755.0,1761.5999755859375,172
2022-08-26 00:00:00+00:00,1736.0999755859375,1736.0999755859375,1755.0,1736.0999755859375,1754.0,202
2022-08-29 00:00:00+00:00,1736.5999755859375,1736.5999755859375,1741.199951171875,1732.0999755859375,1732.4000244140625,950
2022-08-30 00:00:00+00:00,1723.199951171875,1723.199951171875,1739.0,1720.699951171875,1736.4000244140625,385
2022-08-31 00:00:00+00:00,1712.800048828125,1712.800048828125,1720.9000244140625,1708.5,1718.300048828125,2133
2022-09-01 00:00:00+00:00,1696.5999755859375,1696.5999755859375,1707.9000244140625,1693.9000244140625,1707.9000244140625,683
2022-09-02 00:00:00+00:00,1709.800048828125,1709.800048828125,1715.699951171875,1703.0999755859375,1703.4000244140625,182
2022-09-06 00:00:00+00:00,1700.4000244140625,1700.4000244140625,1717.4000244140625,1699.699951171875,1709.699951171875,697
2022-09-07 00:00:00+00:00,1715.300048828125,1715.300048828125,1715.300048828125,1694.699951171875,1694.800048828125,651
2022-09-08 00:00:00+00:00,1708.0,1708.0,1718.199951171875,1705.300048828125,1718.199951171875,1193
2022-09-09 00:00:00+00:00,1716.199951171875,1716.199951171875,1720.0,1712.800048828125,1719.199951171875,635
2022-09-12 00:00:00+00:00,1728.0999755859375,1728.0999755859375,1728.0999755859375,1727.4000244140625,1727.4000244140625,68
2022-09-13 00:00:00+00:00,1705.0,1705.0,1720.5,1697.300048828125,1720.5,432
2022-09-14 00:00:00+00:00,1696.5,1696.5,1701.800048828125,1696.5,1698.699951171875,532
2022-09-15 00:00:00+00:00,1665.4000244140625,1665.4000244140625,1686.0,1662.300048828125,1685.5,1125
2022-09-16 00:00:00+00:00,1671.699951171875,1671.699951171875,1674.9000244140625,1651.699951171875,1660.4000244140625,464
2022-09-19 00:00:00+00:00,1666.199951171875,1666.199951171875,1669.4000244140625,1658.5,1661.800048828125,580
2022-09-20 00:00:00+00:00,1659.699951171875,1659.699951171875,1659.699951171875,1659.699951171875,1659.699951171875,2830
2022-09-21 00:00:00+00:00,1664.5999755859375,1664.5999755859375,1680.0999755859375,1664.5999755859375,1665.5,2337
2022-09-22 00:00:00+00:00,1670.800048828125,1670.800048828125,1670.800048828125,1668.300048828125,1668.300048828125,973
2022-09-23 00:00:00+00:00,1645.300048828125,1645.300048828125,1667.0,1645.300048828125,1667.0,1224
2022-09-26 00:00:00+00:00,1623.300048828125,1623.300048828125,1623.300048828125,1623.300048828125,1623.300048828125,1205
2022-09-27 00:00:00+00:00,1626.699951171875,1626.699951171875,1636.5999755859375,1626.699951171875,1632.199951171875,888
2022-09-28 00:00:00+00:00,1660.4000244140625,1660.4000244140625,1660.4000244140625,1620.4000244140625,1620.4000244140625,18311
2022-09-29 00:00:00+00:00,1658.5,1658.5,1662.5999755859375,1640.0,1657.0,6028
2022-09-30 00:00:00+00:00,1662.4000244140625,1662.4000244140625,1672.699951171875,1658.0,1661.699951171875,548
2022-10-03 00:00:00+00:00,1692.9000244140625,1692.9000244140625,1700.0,1661.9000244140625,1667.199951171875,410
2022-10-04 00:00:00+00:00,1721.0999755859375,1721.0999755859375,1728.0,1696.0,1701.199951171875,291
2022-10-05 00:00:00+00:00,1711.4000244140625,1711.4000244140625,1726.5999755859375,1703.0,1724.0999755859375,418
2022-10-06 00:00:00+00:00,1711.699951171875,1711.699951171875,1723.300048828125,1709.0999755859375,1721.0,133
2022-10-07 00:00:00+00:00,1700.5,1700.5,1710.0999755859375,1693.699951171875,1710.0999755859375,179
2022-10-10 00:00:00+00:00,1667.300048828125,1667.300048828125,1693.4000244140625,1667.0,1693.4000244140625,195
2022-10-11 00:00:00+00:00,1678.699951171875,1678.699951171875,1678.699951171875,1661.0,1661.800048828125,167
2022-10-12 00:00:00+00:00,1670.300048828125,1670.300048828125,1672.699951171875,1668.0,1668.0,149
2022-10-13 00:00:00+00:00,1670.0,1670.0,1675.300048828125,1641.5,1675.199951171875,729
2022-10-14 00:00:00+00:00,1641.699951171875,1641.699951171875,1667.0,1640.0,1665.300048828125,82
2022-10-17 00:00:00+00:00,1657.0,1657.0,1657.0,1646.800048828125,1650.199951171875,238
2022-10-18 00:00:00+00:00,1649.0,1649.0,1655.199951171875,1649.0,1651.4000244140625,597
2022-10-19 00:00:00+00:00,1627.5,1627.5,1637.5,1627.5,1637.5,84
2022-10-20 00:00:00+00:00,1630.800048828125,1630.800048828125,1641.4000244140625,1622.800048828125,1622.800048828125,477
2022-10-21 00:00:00+00:00,1651.0,1651.0,1653.9000244140625,1634.0999755859375,1634.0999755859375,224
2022-10-24 00:00:00+00:00,1648.699951171875,1648.699951171875,1662.699951171875,1648.699951171875,1662.699951171875,29
2022-10-25 00:00:00+00:00,1652.800048828125,1652.800048828125,1652.800048828125,1637.300048828125,1648.199951171875,880
2022-10-26 00:00:00+00:00,1664.0,1664.0,1667.0,1649.800048828125,1649.800048828125,89
2022-10-27 00:00:00+00:00,1660.699951171875,1660.699951171875,1660.699951171875,1660.699951171875,1660.699951171875,2298
2022-10-28 00:00:00+00:00,1639.5999755859375,1639.5999755859375,1661.0,1638.699951171875,1661.0,626
2022-10-31 00:00:00+00:00,1635.9000244140625,1635.9000244140625,1641.800048828125,1633.4000244140625,1641.800048828125,522
2022-11-01 00:00:00+00:00,1645.0,1645.0,1653.699951171875,1630.800048828125,1630.800048828125,985
2022-11-02 00:00:00+00:00,1645.699951171875,1645.699951171875,1664.699951171875,1634.0,1650.800048828125,612
2022-11-03 00:00:00+00:00,1627.300048828125,1627.300048828125,1629.199951171875,1615.0999755859375,1629.199951171875,1427
2022-11-04 00:00:00+00:00,1672.5,1672.5,1674.5,1629.0,1630.199951171875,159
2022-11-07 00:00:00+00:00,1676.5,1676.5,1677.9000244140625,1672.9000244140625,1676.9000244140625,42
2022-11-08 00:00:00+00:00,1712.0999755859375,1712.0999755859375,1712.0999755859375,1703.199951171875,1703.199951171875,23
2022-11-09 00:00:00+00:00,1710.0999755859375,1710.0999755859375,1720.199951171875,1706.0,1707.4000244140625,497
2022-11-10 00:00:00+00:00,1750.300048828125,1750.300048828125,1750.300048828125,1708.199951171875,1708.199951171875,325
2022-11-11 00:00:00+00:00,1766.0,1766.0,1766.0,1757.5999755859375,1763.800048828125,257
2022-11-14 00:00:00+00:00,1773.5999755859375,1773.5999755859375,1773.5999755859375,1761.5999755859375,1762.0,358
2022-11-15 00:00:00+00:00,1773.800048828125,1773.800048828125,1773.800048828125,1769.9000244140625,1770.800048828125,57
2022-11-16 00:00:00+00:00,1773.0,1773.0,1778.9000244140625,1773.0,1776.5999755859375,303
2022-11-17 00:00:00+00:00,1760.800048828125,1760.800048828125,1763.0,1756.0,1763.0,18
2022-11-18 00:00:00+00:00,1751.9000244140625,1751.9000244140625,1763.300048828125,1747.5999755859375,1763.300048828125,414
2022-11-21 00:00:00+00:00,1737.4000244140625,1737.4000244140625,1744.9000244140625,1736.0999755859375,1739.0,544
2022-11-22 00:00:00+00:00,1738.300048828125,1738.300048828125,1741.699951171875,1738.300048828125,1741.699951171875,15
2022-11-23 00:00:00+00:00,1744.9000244140625,1744.9000244140625,1750.9000244140625,1736.5,1736.5,39
2022-11-25 00:00:00+00:00,1753.300048828125,1753.300048828125,1757.9000244140625,1749.199951171875,1753.0,216
2022-11-28 00:00:00+00:00,1740.0999755859375,1740.0999755859375,1741.300048828125,1740.0999755859375,1741.300048828125,132767
2022-11-29 00:00:00+00:00,1748.4000244140625,1748.4000244140625,1758.199951171875,1737.9000244140625,1739.5,19416
2022-11-30 00:00:00+00:00,1746.0,1746.0,1769.4000244140625,1745.0999755859375,1748.0999755859375,3339
2022-12-01 00:00:00+00:00,1801.0999755859375,1801.0999755859375,1803.699951171875,1768.699951171875,1768.699951171875,1053
2022-12-02 00:00:00+00:00,1795.9000244140625,1795.9000244140625,1802.300048828125,1779.4000244140625,1802.0,1725
2022-12-05 00:00:00+00:00,1767.4000244140625,1767.4000244140625,1808.0,1764.300048828125,1795.699951171875,1713
2022-12-06 00:00:00+00:00,1769.300048828125,1769.300048828125,1779.4000244140625,1767.9000244140625,1768.5999755859375,105
2022-12-07 00:00:00+00:00,1785.5,1785.5,1790.300048828125,1769.300048828125,1769.300048828125,422
2022-12-08 00:00:00+00:00,1788.699951171875,1788.699951171875,1790.9000244140625,1782.0,1782.0,713
2022-12-09 00:00:00+00:00,1798.0999755859375,1798.0999755859375,1804.300048828125,1791.0999755859375,1794.9000244140625,125
2022-12-12 00:00:00+00:00,1780.5,1780.5,1793.9000244140625,1777.699951171875,1787.300048828125,85
2022-12-13 00:00:00+00:00,1813.9000244140625,1813.9000244140625,1819.800048828125,1780.5,1780.699951171875,205
2022-12-14 00:00:00+00:00,1807.5,1807.5,1812.800048828125,1797.9000244140625,1810.800048828125,1074
2022-12-15 00:00:00+00:00,1777.199951171875,1777.199951171875,1801.0,1774.800048828125,1801.0,421
2022-12-16 00:00:00+00:00,1790.0,1790.0,1791.4000244140625,1777.9000244140625,1777.9000244140625,206
2022-12-19 00:00:00+00:00,1787.699951171875,1787.699951171875,1796.300048828125,1785.5999755859375,1791.5999755859375,79
2022-12-20 00:00:00+00:00,1815.9000244140625,1815.9000244140625,1821.4000244140625,1786.5,1786.5,51
2022-12-21 00:00:00+00:00,1815.9000244140625,1815.9000244140625,1821.4000244140625,1814.4000244140625,1817.4000244140625,35
2022-12-22 00:00:00+00:00,1787.0,1787.0,1818.0999755859375,1785.0,1818.0999755859375,411
2022-12-23 00:00:00+00:00,1795.9000244140625,1795.9000244140625,1802.800048828125,1794.0999755859375,1794.300048828125,49
2022-12-27 00:00:00+00:00,1814.800048828125,1814.800048828125,1826.300048828125,1803.4000244140625,1803.4000244140625,69
2022-12-28 00:00:00+00:00,1807.9000244140625,1807.9000244140625,1807.9000244140625,1803.0999755859375,1803.199951171875,434
2022-12-29 00:00:00+00:00,1819.5,1819.5,1819.5,1805.800048828125,1805.800048828125,277
2022-12-30 00:00:00+00:00,1819.699951171875,1819.699951171875,1822.300048828125,1816.800048828125,1817.0,95
